Average,,,,19.27,-0.65,"23,780,511.28","137,053.38","24,549.78",62.66,0.36,0.84,0.09,1.55,5.65,2.40,-12.95,0.47,40.89,,562.59,561.45,-1.02,
2S,1,i | 1 | 2 | 3,,6.55,-2.96,"2,483,000","16,505","3,275",4.51,1.51,,0.20,1.45,40.31,38.98,15.65,3.33,58.11,,28,14,0.02,
3K-BAT,2,i,,69,0.00,200,14,"5,410",48.82,2.52,,0.25,1.41,-3.08,5.28,3.29,0.36,2.10,,917,,,
7UP,3,i | 1 | 2 | 3,,1.54,+1.32,"180,384,500","279,953","7,920",38.12,3.08,,,0.04,7.7,10.2,37.44,,66.55,,727,700,-0.28,
A,4,i | 1 | 2 | 3,,4.98,0.00,"6,900",34,"4,880",51.50,1.41,,0.03,0.1,3.99,2.77,-4.93,0.60,25.86,,991,929,-0.18,
A5,5,i | 1 | 3,SPNC,1.5,0.00,0,0,"1,685",,3.41,1.74,,0.05,12.37,19.82,21.63,,20.60,,,,,
AAV,6,i | 1 | 2 | 3,,2.76,-2.13,"22,126,900","61,184","13,386",,1.24,,,0,-15,-47.69,-261.93,,58.73,,,,,
ABICO,7,i | 1 | 2 | 3,,5.65,0.00,"13,400",76,"1,381",32.32,1.41,,,0.17,3.67,4.47,2.88,0.08,27.66,,873,870,-0.23,
ABM,8,i | 1 | 3,,1.53,0.00,"1,095,600","1,692",459,41.76,1.28,,,0.04,3.11,3.65,1.25,,34.68,,951,945,-0.24,
ACAP,9,i | 1 | 2 | 3,CNP,2.16,-0.92,"4,147,700","8,991",683,,3.18,,,0,3.31,-75.11,"-6,965.86",,60.49,,,,,
ACC,10,i | 1 | 3,,1.1,-1.79,"15,933,200","17,785","1,477",,2.68,,,0,-1.95,-8.4,-19.17,,54.27,,,,,
ACE,11,i | 1 | 3,,3.9,-0.51,"54,078,800","210,857","39,686",28.53,3.17,,0.02,0.14,9.59,11.66,26.85,1.22,22.62,,619,574,,
ACG,12,i | 1 | 3,,2.78,0.00,"299,100",818,"1,668",50.84,2.55,,0.04,0.05,4.84,5.05,1.86,1.44,24.93,,933,898,,
ADB,13,i | 1 | 2 | 3,,2.1,0.00,"5,665,300","11,925","1,386",12.30,2.06,,0.05,0.17,10.95,17.68,7.91,2.62,36.47,,292,324,-0.19,
ADD,14,i,,24.9,-0.40,"464,700","11,572","3,984",43.33,7.18,,0.18,0.57,15.59,15.76,19.42,,37.00,,629,541,,
ADVANC,15,i | 1 | 2 | 3,,194,+0.26,"4,806,900","927,811","576,942",21.08,7.35,,3.45,9.2,10.41,36.45,15.3,3.58,36.22,,317,472,-4.25,
AEONTS,16,i | 1 | 2 | 3,,204,-1.45,"668,000","136,476","51,000",11.84,2.81,,2.65,17.24,8.51,26.36,22.99,2.17,30.86,,203,387,1.37,
AF,17,i | 1 | 2 | 3,,1.1,-2.65,"3,056,200","3,403","1,760",35.55,3.24,3.18,,0.03,4.97,9.15,26.75,1.86,20.60,,745,828,,
AFC,18,i | 1 | 3,,12.2,0.00,"11,600",139,556,13.58,0.47,,,0.9,2.82,3.47,5.23,,43.31,,681,681,-0.09,
AGE,19,i | 1 | 2 | 3,,3.04,-1.30,"4,353,000","13,261","2,939",9.95,1.56,,0.10,0.31,7.01,16.53,2.11,3.25,44.39,,250,392,0.29,
AH,20,i | 1 | 2 | 3,,21.4,+1.42,"1,394,600","29,569","7,594",6.85,0.92,,0.47,3.13,7.03,14.77,6.2,0.65,49.07,,216,332,0.32,
AHC,21,i | 1 | 2 | 3,,16.6,-1.78,"55,300",919,"2,488",27.01,1.54,0.19,0.25,0.61,6.19,5.81,5.9,1.48,59.88,,772,691,-2.36,
AI,22,i | 1 | 2 | 3,,2.14,-0.93,"5,588,100","11,987","5,992",9.88,2.30,,0.07,0.22,23.17,24.23,7.9,6.94,49.20,,162,114,0.61,
AIE,23,i | 1 | 2 | 3,,1.46,-0.68,"15,874,700","23,234","7,639",15.43,3.65,,0.05,0.09,21,24.98,6.54,3.40,26.00,,274,238,-0.2,
AIRA,24,i | 1 | 2 | 3,,2.14,0.00,"181,900",390,"13,514","1,027.66",3.75,,0.01,0,1.84,0.37,2.62,0.61,25.61,,"1,107","1,097",40.89,
AIT,25,i | 1 | 2 | 3,,35.5,-2.74,"3,910,500","139,320","7,324",13.50,2.50,,0.70,2.63,10.17,19.31,6.61,4.11,71.98,,293,371,35.06,
AJ,26,i | 1 | 2 | 3,,19.7,-5.29,"11,630,600","232,502","8,668",14.66,1.81,1.03,0.40,1.34,6.82,13.81,6.17,3.23,39.55,,394,499,0.02,
AJA,27,i | 1 | 2 | 3,,0.62,+5.08,"249,475,400","149,242","2,733",,4.13,,,0,-12.12,-15.23,-22.19,,66.92,,,,,
AKP,28,i | 1 | 3,,2.1,0.00,"1,103,800","2,281",848,13.56,1.49,,0.02,0.15,11.67,11.51,12.55,1.10,48.51,,440,333,-2.51,
AKR,29,i | 1 | 2 | 3,,1.03,-0.95,"18,568,400","19,330","1,516",11.51,1.24,,,0.09,9.71,11.96,5.42,,64.85,,383,341,-0.04,
ALL,30,i | 1 | 3,,2.9,-2.03,"4,339,800","12,709","1,948",,0.84,,,0,3.13,-0.42,-4.54,1.41,27.52,,,,,
ALLA,31,i | 1 | 2 | 3,,1.99,+2.05,"16,901,400","34,337","1,194",41.49,1.46,,0.07,0.05,3.5,3.5,4.76,3.59,34.44,,952,929,1.96,
ALT,32,i | 1 | 3,,2.72,-0.73,"1,575,300","4,300","3,080","1,525.31",1.71,,,0,3.39,0.12,-5.92,3.28,29.63,,"1,114","1,032",-6.21,
ALUCON,33,i | 1 | 3,,183,+0.55,"1,400",256,"7,906",11.85,1.33,0.14,10.00,15.44,12.17,11.49,14.1,5.49,21.37,,405,281,21.31,
AMA,34,i | 1 | 2 | 3,,6.4,+8.47,"16,810,800","103,488","3,315",20.17,1.52,,0.20,0.32,6.35,7.74,5.82,3.39,35.34,,634,606,0.54,
AMANAH,35,i | 1 | 2 | 3,,5.4,-0.92,"2,618,300","14,099","5,593",17.89,3.55,1.43,0.13,0.3,11.73,21.02,41.32,2.38,44.65,,341,394,0.37,
AMARIN,36,i | 1 | 2 | 3,,6.45,-0.77,"8,400",54,"6,439",15.36,1.51,,0.12,0.42,7.93,10.18,11.73,1.85,18.06,,498,465,-0.27,
AMATA,37,i | 1 | 2 | 3,,18.7,-1.06,"11,187,200","208,521","21,505",19.58,1.29,,0.10,0.96,4.94,7.13,32.18,1.55,72.97,,647,677,1.32,
AMATAV,38,i | 1 | 2 | 3,,7.9,-1.25,"183,500","1,441","7,387",214.46,2.15,,,0.04,2.31,1.14,30.32,,25.95,,"1,083","1,064",1.99,
AMC,39,i | 1 | 3,,7.1,-0.70,"2,616,600","18,633","3,409",5.12,1.26,,0.14,1.39,21.14,27.6,14.39,1.96,27.95,,69,48,-0.03,
AMR,40,i,,6.5,-1.52,"2,852,000","18,584",0,,-,,-,0,18.84,54.93,10.9,-,37.78,,,,,
ANAN,41,i | 1 | 2 | 3,,1.7,-2.30,"11,980,800","20,324","5,666",24.37,0.36,,,0.07,4.56,1.48,4.78,,49.17,,857,751,4.03,
AOT,42,i | 1 | 2 | 3,,61.75,-0.80,"30,570,900","1,888,508","882,142",,7.51,,0.19,0,-8.68,-11.27,-184.6,0.31,30.00,,,,,
AP,43,i | 1 | 2 | 3,,8.55,-0.58,"12,576,800","106,880","26,897",5.48,0.88,,0.45,1.56,10.23,17.14,14.56,5.23,65.00,,163,207,1.01,
APCO,44,i | 1 | 2 | 3,,5.8,-0.85,"547,400","3,158","3,480",56.35,6.24,,0.12,0.1,12.26,11.05,24.78,2.05,30.79,,770,629,-16.08,
APCS,45,i | 1 | 2 | 3,,5.25,-0.94,"2,656,300","14,119","3,465",14.84,1.84,,0.06,0.35,9.35,13.44,14.17,1.13,59.09,,404,410,-0.1,
APEX,46,i | 1 | 2 | 3,SPNPNC,0.04,0.00,0,0,160,,,-17.02,,0,-5.53,,-28.01,,43.24,,,,,
APP,47,i | 1 | 3,,3.68,-1.08,"939,200","3,445","1,030",25.45,3.17,,0.15,0.14,8.2,12.41,6.93,4.03,42.72,,566,585,,
APURE,48,i | 1 | 2 | 3,,9.3,+0.54,"10,265,400","95,297","8,912",25.79,4.56,,0.07,0.36,16.42,18.69,12.25,1.10,26.92,,457,405,-5.63,
AQ,49,i | 1 | 2 | 3,C,0.03,-25.00,"368,675,000","11,393","2,560",,1.00,,,0,-8.92,-20.04,-140.05,,54.89,,,,,
AQUA,50,i | 1 | 3,,0.57,0.00,"401,273,400","228,105","2,618",21.28,0.60,,0.01,0.03,2.53,2.81,7.24,1.75,79.13,,804,809,0.76,
ARIN,51,i | 1 | 3,,1.85,-0.54,"1,927,900","3,585","1,110",,2.53,1.29,,0,-0.9,-6.69,-6.93,,29.72,,,,,
ARIP,52,i | 1 | 2 | 3,,0.99,-4.81,"19,159,100","19,232",461,129.35,2.20,0.20,,0.01,1.92,1.73,-1.23,,28.67,,"1,057","1,065",10.4,
ARROW,53,i | 1 | 2 | 3,,8.6,-1.15,"364,000","3,122","2,192",12.63,1.76,,0.35,0.68,12.89,14.15,16.43,5.75,27.87,,358,282,-8.12,
AS,54,i | 1 | 2 | 3,,17.9,+4.68,"15,211,900","270,149","7,603",19.82,13.26,,0.40,0.9,58.03,91.82,27.09,1.71,48.96,,268,268,-0.36,
ASAP,55,i | 1 | 2 | 3,,2.56,0.00,"2,233,800","5,846","1,859",,1.53,8.15,,0,1.89,-11.63,-5.27,,18.44,,,,,
ASEFA,56,i | 1 | 2 | 3,,4,0.00,"358,200","1,427","2,200",12.27,1.40,,0.28,0.33,9.38,11.46,4.26,7.00,29.20,,414,367,-5.01,
ASIA,57,i | 1 | 2 | 3,,5.65,0.00,0,0,"1,808",,0.36,,,0,-0.1,-2.74,-32.43,,27.52,,,,,
ASIAN,58,i | 1 | 2 | 3,,18.6,0.00,"7,998,900","148,713","15,142",16.44,4.08,,0.25,1.13,15.07,27.12,10.91,1.97,37.31,,279,307,0.84,
ASIMAR,59,i | 1 | 2 | 3,,2.7,+0.75,"1,126,600","3,024",697,16.37,1.58,,0.10,0.16,7.25,9.8,8.69,3.73,62.58,,530,512,-0.49,
ASK,60,i | 1 | 3,,36,+0.70,"1,775,700","63,710","19,002",19.05,2.21,,1.70,1.89,4.61,14.42,26.5,3.17,41.44,,451,689,3.01,
ASN,61,i | 1 | 2 | 3,,3.66,+1.10,"24,400",89,685,58.46,2.30,,0.01,0.06,3.64,4.02,8.43,0.26,25.55,,976,962,1.43,
ASP,62,i | 1 | 2 | 3,,3.46,0.00,"12,236,600","41,882","7,286",8.90,1.44,,0.20,0.39,10.66,16.78,34.91,5.20,74.09,,224,250,-1.42,
ASW,63,i,,8.7,-1.14,"300,800","2,630","6,621",6.05,1.66,,0.02,1.44,12.65,22.72,24.27,,32.30,,108,148,,
ATP30,64,i | 1 | 2 | 3,,1.43,-0.69,"1,609,500","2,315",976,31.41,2.04,0.95,0.03,0.05,5.25,7.09,5.12,2.08,50.00,,778,793,1.14,
AU,65,i | 1 | 2 | 3,,10.3,-0.96,"827,900","8,562","8,401",169.50,10.40,,0.06,0.06,5.72,6.14,1.35,0.58,33.41,,951,903,4.81,
AUCT,66,i | 1 | 2 | 3,,9.5,-1.04,"2,157,400","20,612","5,225",23.78,10.56,2.51,0.17,0.4,16.96,44.22,26.05,4.27,28.77,,327,381,2.46,
AWC,67,i | 1 | 3,,4.38,+0.46,"48,077,900","208,608","140,160",,1.81,,,0,-0.79,-2.55,-37.92,,24.97,,,,,
AYUD,68,i | 1 | 2 | 3,,37,0.00,"3,900",142,"14,403",11.16,0.85,,0.77,3.32,4.47,7.49,31.08,4.11,28.17,,504,566,-0.96,
B,69,i | 1 | 2 | 3,,0.99,-1.98,"168,796,500","169,493","2,093",36.15,1.94,,,0.03,6.43,7.07,89.5,,66.29,,805,746,-1.33,
B52,70,i | 1 | 2 | 3,C,0.68,-2.86,"4,055,700","2,797","1,783",,11.33,,,0,-38.04,-47.1,-149.51,,37.88,,,,,
BA,71,i | 1 | 2 | 3,,12.3,-2.34,"3,377,400","41,977","25,830",,1.25,,,0,-4.37,-15.73,-61.45,,36.25,,,,,
BAFS,72,i | 1 | 2 | 3,,31,+0.81,"2,864,300","86,788","19,762",,3.85,,,0,-2.61,-12.17,-47.98,,45.17,,,,,
BAM,73,i | 1 | 3,,18.9,0.00,"22,880,900","428,198","61,086",29.89,1.48,2.16,0.51,0.63,4.15,5.25,27.51,2.71,54.20,,832,830,-0.42,
BANPU,74,i | 1 | 2 | 3,,12.8,-1.54,"122,891,900","1,558,973","64,955",46.17,1.21,,0.20,0.28,4.05,3.13,9.88,1.73,88.39,,972,914,4.83,
BAY,75,i | 1 | 3,,30.75,-3.15,"1,989,900","61,701","226,190",7.41,0.74,,0.40,4.15,2.4,10.44,31.96,1.10,23.12,,335,565,0.48,
BBIK,76,i,,29,-3.33,"10,514,800","316,275",0,,-,,-,0,34.97,37.71,23.67,-,38.23,,,,,
BBL,77,i | 1 | 2 | 3,,113.5,-0.44,"12,411,400","1,414,957","216,654",11.00,0.46,,1.00,10.32,1.45,4.35,20.92,2.19,98.53,,595,686,8.4,
BC,78,i | 1 | 3,,1.63,-1.21,"444,000",728,826,,1.17,,,0,-5.87,-22.23,-259.9,,30.74,,,,,
BCH,79,i | 1 | 3,,23,+1.77,"25,316,200","579,438","57,356",26.54,7.12,,0.20,0.87,18.06,29.81,24.27,1.02,50.01,,387,399,1.21,
BCP,80,i | 1 | 2 | 3,,26.5,-1.85,"4,397,900","116,743","36,488",9.85,0.71,,1.00,2.69,5.26,7.67,5.53,1.48,64.27,,455,485,-0.77,
BCPG,81,i | 1 | 2 | 3,,14,-1.41,"12,597,100","176,508","37,972",18.33,1.54,,0.16,0.76,6.13,10.66,50.03,2.00,24.61,,536,599,2.49,
BCT,82,i | 1 | 2 | 3,,45.5,+1.11,"1,700",77,"13,650",5.09,0.62,,0.80,8.95,13.6,13.06,43.55,1.78,21.50,,233,121,-0.06,
BDMS,83,i | 1 | 2 | 3,,22.8,+0.44,"46,033,000","1,046,769","362,338",51.92,4.42,,0.55,0.44,8.54,8.55,8.91,2.42,65.98,,821,721,2.4,
BEAUTY,84,i | 1 | 2 | 3,,1.54,-1.28,"9,800,800","15,227","4,631",,5.70,0.28,,0,-6.92,-6.58,-22.96,,77.99,,,,,
BEC,85,i | 1 | 2 | 3,,12.6,-1.56,"5,888,300","74,406","25,200",38.70,4.39,,,0.33,8.77,12.05,11.41,,49.34,,682,671,-0.2,
BEM,86,i | 1 | 2 | 3,,8.9,-1.11,"100,712,900","891,894","136,037",71.71,3.60,,0.10,0.12,3.87,5.09,8.55,1.11,54.02,,960,967,3.16,
BFIT,87,i | 1 | 2 | 3,,35.5,-0.70,"655,800","23,062","19,569",16.10,2.09,1.04,1.40,2.21,8.93,13.31,52.17,3.92,17.96,,432,450,0.21,
BGC,88,i | 1 | 3,,11.1,-3.48,"2,761,600","31,065","7,708",13.15,1.79,,0.12,0.84,4.93,12.6,5.6,4.00,27.41,,398,584,4.23,
BGRIM,89,i | 1 | 2 | 3,,42,-0.59,"15,254,500","636,609","109,490",40.40,3.80,,0.15,1.04,6.21,9.76,10.54,1.07,36.01,,756,787,6.35,
BGT,90,i | 1 | 2 | 3,,1.07,-2.73,"4,093,900","4,467",389,,1.01,1.61,,0,-0.31,-5.5,-17.97,,44.63,,,,,
BH,91,i | 1 | 2 | 3,,133.5,0.00,"2,803,100","375,891","106,077",151.31,6.17,,1.15,0.88,3.77,3.86,5.37,2.40,49.02,,"1,016",993,61.51,
BIG,92,i | 1 | 2 | 3,,0.65,-2.99,"12,388,600","8,226","2,294",100.95,1.38,,,0.01,1.41,1.38,-6.38,,30.59,,"1,059","1,084",-26.02,
BIZ,93,i | 1 | 2 | 3,,11.5,-0.86,"898,600","10,300","4,600",20.69,6.93,,0.15,0.56,15.24,38.07,16.48,1.29,24.41,,305,366,0.91,
BJC,94,i | 1 | 2 | 3,,33.75,0.00,"10,862,700","366,768","135,263",31.82,1.18,,0.15,1.06,3.22,3.74,2.97,2.31,25.57,,889,884,1.15,
BJCHI,95,i | 1 | 2 | 3,,2,-0.99,"856,200","1,707","3,199",,0.95,,0.03,0,-1.77,-2.04,14.09,1.49,24.75,,,,,
BKD,96,i | 1 | 2 | 3,,2.2,0.00,"245,200",533,"2,368",,1.76,,,0,-5.34,-6.01,0.72,,26.64,,,,,
BKI,97,i | 1 | 2 | 3,,269,-1.10,"554,500","149,251","28,640",10.18,0.88,,3.50,26.43,5.67,9.15,18.58,5.51,84.28,,427,470,3.4,
BLA,98,i | 1 | 2 | 3,,27.5,-1.79,"4,211,400","116,421","46,958",18.88,0.98,,,1.46,0.84,5.38,7.29,0.82,44.59,,695,842,3.69,
BLAND,99,i | 1 | 2 | 3,,1.1,0.00,"187,182,600","210,357","19,112",,0.43,,0.03,0,-0.02,-1.54,-79.78,2.73,71.99,,,,,
BLISS,100,i | 1 | 2 | 3,SPNPNC,0.14,0.00,0,0,963,,0.58,2.61,,0,-20.84,-76.08,-137.71,,78.59,,,,,
BM,101,i | 1 | 2 | 3,,3.9,-0.51,"1,186,600","4,623","1,716",19.92,2.39,,0.08,0.2,8.17,12.5,6.61,2.04,38.33,,500,525,-2.51,
BOL,102,i | 1 | 2 | 3,,11.3,-1.74,"2,242,800","25,938","9,272",44.64,12.56,,0.11,0.25,24.01,29.32,36.3,1.70,29.66,,507,483,1.82,
BPP,103,i | 1 | 2 | 3,,17.6,-1.68,"9,949,300","175,751","53,640",12.75,1.21,,0.30,1.38,8.62,10.03,69.58,3.63,21.18,,463,402,-1.28,
BR,104,i | 1 | 2 | 3,,2.96,-0.67,"838,300","2,494","2,704",,0.67,,,0,0.62,-0.37,-1.25,,56.17,,,,,
BROCK,105,i | 1 | 2 | 3,,1.57,0.00,"23,600",37,"1,609",32.92,1.28,0.04,0.02,0.05,5.39,3.93,17,1.27,15.87,,891,797,0.36,
BROOK,106,i | 1 | 2 | 3,,0.72,0.00,"17,778,200","12,748","5,924",362.54,1.76,,0.02,0,1.67,0.61,-21.18,5.61,30.38,,"1,096","1,098",0.09,
BRR,107,i | 1 | 2 | 3,,6.05,-0.82,"318,100","1,931","4,913",20.42,2.41,,0.06,0.3,5.85,12.39,10.54,0.98,24.69,,515,641,-2.63,
BSBM,108,i | 1 | 2 | 3,,1.62,+1.89,"88,627,900","150,960","1,816",18.44,0.94,0.02,0.05,0.09,6.12,5.1,7.01,5.03,31.10,,700,601,-0.22,
BSM,109,i | 1 | 2 | 3,,0.45,0.00,"6,058,200","2,674",959,,1.80,,,0,-2.14,-16.58,-17.63,,50.02,,,,,
BTNC,110,i | 1 | 2 | 3,,10,-2.91,"1,100",11,120,,0.31,0.58,,0,-5.58,-7.51,-9.01,,29.51,,,,,
BTS,111,i | 1 | 2 | 3,,9.5,0.00,"54,297,600","509,713","125,050",22.67,2.07,,0.16,0.42,5.47,9.87,15.06,3.26,59.67,,608,690,2.43,
BTW,112,i | 1 | 2 | 3,,1.1,-1.79,"1,414,100","1,573",832,,0.79,,0.02,0,-3.95,-8.05,-15.92,1.79,34.09,,,,,
BUI,113,i | 1 | 3,,15,+0.67,"24,900",375,450,4.10,0.58,,0.25,3.66,6.95,15.39,15.44,1.68,28.43,,176,308,0.05,
BWG,114,i | 1 | 2 | 3,,0.7,-1.41,"32,462,400","23,017","3,186",,0.83,,,0,1.29,-6.88,3.98,,88.11,,,,,
BYD,115,i,,8.3,+0.61,"9,018,700","75,026","11,920",,7.83,,,0,-14.21,-19.53,-154.39,,25.59,,,,,
CAZ,116,i | 1 | 3,,3.8,+7.34,"27,607,500","102,441","1,117",14.05,1.96,,0.02,0.27,8.1,14.95,5.5,0.61,35.08,,365,446,0.33,
CBG,117,i | 1 | 2 | 3,,129,-0.39,"3,134,000","404,860","129,000",36.76,13.04,,0.90,3.51,25.3,37.12,18.12,1.85,28.85,,449,437,1.32,
CCET,118,i | 1 | 2 | 3,,2.9,+4.32,"38,280,600","111,228","14,383",67.61,0.83,,0.02,0.04,1.95,1.3,0.17,0.97,26.10,,"1,046","1,042",-3.13,
CCP,119,i | 1 | 2 | 3,,0.71,+4.41,"504,539,400","361,092","1,965",34.33,1.48,,0.02,0.02,3.63,4.33,2.96,2.94,48.19,,886,882,-0.4,
CEN,120,i | 1 | 2 | 3,,2.18,0.00,"1,063,600","2,312","1,624",5.89,0.84,,,0.37,10.97,15.56,55.82,,68.29,,188,188,-0.02,
CENTEL,121,i | 1 | 2 | 3,,34.5,+0.73,"2,426,700","82,540","46,575",,2.50,,,0,-7.54,-21.69,-20.41,,72.40,,,,,
CFRESH,122,i | 1 | 3,,2.38,-2.46,"2,843,800","6,897","2,206",,1.16,,,0,-1.73,-11.66,1.83,,32.16,,,,,
CGD,123,i | 1 | 2 | 3,,0.55,0.00,"48,306,800","26,428","4,546",,1.17,,,0,1.59,-14.8,-42.58,,44.18,,,,,
CGH,124,i | 1 | 2 | 3,,1.09,-1.80,"28,089,400","30,730","4,366",18.21,0.80,,,0.06,4.32,4.52,20.47,,39.74,,713,685,1.22,
CHARAN,125,i | 1 | 2 | 3,,30.25,0.00,"12,400",372,363,8.99,0.69,0.41,2.60,3.36,5.66,7.69,0.26,8.60,55.53,,437,443,-0.05,
CHAYO,126,i | 1 | 2 | 3,,13.3,0.00,"8,516,000","112,912","12,684",75.54,4.82,,,0.18,8.95,9.83,28.93,0.04,49.55,,818,742,1.96,
CHEWA,127,i | 1 | 2 | 3,,1.03,-3.74,"120,562,400","131,756","1,313",6.33,0.70,,0.02,0.16,1.28,11.56,4.25,1.95,25.85,,283,599,0.35,
CHG,128,i | 1 | 2 | 3,,3.9,+3.17,"191,396,300","735,485","42,900",31.47,9.51,,0.03,0.12,25.04,33.12,22.86,1.32,42.78,,432,412,4.44,
CHO,129,i | 1 | 2 | 3,,1.06,+4.95,"87,760,400","91,111","1,594",,1.80,,,0,-4.77,-31.65,-78.58,,45.40,,,,,
CHOTI,130,i | 1 | 3,,80,0.00,300,24,600,,0.77,,,0,-9.19,-17.41,-3.39,,25.80,,,,,
CHOW,131,i | 1 | 2 | 3,,3.44,+0.58,"11,300",39,"2,752",,3.51,,,0,-1.68,-17.13,-48.4,,37.41,,,,,
CI,132,i | 1 | 3,,0.99,+1.01,"3,504,400","3,538","1,056",,0.76,,,0,0.14,-15.85,-21.43,,29.40,,,,,
CIG,133,i | 1 | 2 | 3,,0.81,-2.41,"37,798,100","31,258",700,,2.19,,,0,-7.74,-25.86,-6.99,,63.74,,,,,
CIMBT,134,i | 1 | 3,,1.02,-1.92,"13,674,100","13,950","35,519",41.33,0.85,,0.01,0.02,0.68,2.06,13.11,0.48,5.17,,978,"1,038",0.01,
CITY,135,i | 1 | 3,,2.64,0.00,"301,400",792,792,,0.60,,,0,-1.67,-1.53,-5.05,,26.68,,,,,
CK,136,i | 1 | 2 | 3,,20.1,+1.01,"7,367,900","147,074","34,047",28.05,1.29,,0.20,0.72,3.06,4.59,7.2,1.01,65.12,,819,846,-12.18,
CKP,137,i | 1 | 2 | 3,,5.4,-2.70,"26,490,200","144,594","43,899",26.44,1.84,,0.04,0.2,4.47,7.15,25.36,0.63,24.22,,724,776,0.26,
CM,138,i | 1 | 2 | 3,,2.9,0.00,"91,000",265,"1,105",,0.82,,,0,-1.25,-1.19,-1.44,,36.95,,,,,
CMAN,139,i | 1 | 2 | 3,,2.62,-1.50,"1,803,400","4,735","2,515",,1.17,,,0,0.94,-0.56,7.14,,41.38,,,,,
CMC,140,i | 1 | 3,,1.37,-2.14,"8,864,700","12,171","1,409",10.13,0.52,,,0.14,3.86,5.25,10.74,0.23,35.23,,540,556,-0.11,
CMO,141,i | 1 | 2 | 3,,1.47,+0.68,"651,300",958,376,,0.88,,,0,-7.74,-21.02,-28.24,,57.91,,,,,
CMR,142,i | 1 | 2 | 3,,3.5,-1.13,"1,376,900","4,829","14,081",66.69,4.02,,0.05,0.05,3.63,6.06,7.16,1.47,15.09,,920,971,-3.27,
CNT,143,i | 1 | 3,,2,-0.99,"277,100",554,"2,056",36.24,1.00,,0.05,0.06,1.52,2.75,0.64,2.48,27.53,,934,976,-0.75,
COLOR,144,i | 1 | 2 | 3,,2.3,-1.71,"8,345,100","19,326","1,355",20.68,1.73,,0.05,0.11,5.87,8.58,6.52,2.14,42.65,,622,644,-36.44,
COM7,145,i | 1 | 2 | 3,,71.25,+0.71,"4,611,500","328,749","85,500",41.09,22.48,,1.00,1.73,25.05,61.83,4.9,1.41,45.71,,455,467,0.89,
COMAN,146,i | 1 | 2 | 3,,5.1,-2.86,"378,200","1,953",683,,1.67,,,0,2.49,-0.22,-15.33,,46.83,,,,,
COTTO,147,i | 1 | 3,,2.62,-0.76,"8,798,600","23,108","15,622",25.27,1.74,,0.03,0.1,6.75,7.04,6.44,1.10,15.10,,716,641,0.02,
CPALL,148,i | 1 | 2 | 3,,65,+1.17,"29,510,000","1,891,504","583,902",47.25,6.22,,0.90,1.38,5.5,13.7,1.84,1.40,57.50,,677,855,3.56,
CPF,149,i | 1 | 2 | 3,,26.25,0.00,"37,797,100","991,507","226,045",8.64,1.05,,0.40,3.04,8.7,12.97,5.63,3.82,45.49,,287,303,0.6,
CPH,150,i | 1 | 3,,3.92,0.00,"1,300",5,157,,0.25,,,0,-0.77,-6.77,-4.76,,46.05,,,,,
CPI,151,i | 1 | 2 | 3,,4.36,+1.40,"178,476,000","826,041","2,759",7.89,1.33,,0.11,0.55,9.16,18.09,6.54,2.56,55.34,,183,278,-0.02,
CPL,152,i | 1 | 2 | 3,,2.06,-1.90,"251,400",519,906,16.46,0.92,,0.02,0.13,3.46,5.69,6.83,0.95,28.69,,653,700,-0.04,
CPN,153,i | 1 | 2 | 3,,52,-3.70,"22,908,200","1,201,099","233,376",24.22,3.27,,0.70,2.15,6.19,14.21,30.88,1.30,62.75,,512,659,1.88,
CPR,154,i | 1 | 3,,4.38,-1.79,"190,800",847,872,14.80,1.55,,0.08,0.3,11.63,10.91,15.85,1.79,18.22,,472,345,1.95,
CPT,155,i | 1 | 2 | 3,,0.97,-1.02,"14,124,000","13,867",873,,0.91,,0.02,0,-0.81,-0.69,-6.58,2.04,45.70,,,,,
CPW,156,i | 1 | 3,,3.96,0.00,"1,589,900","6,262","2,376",32.13,3.50,,0.08,0.12,8.45,11.11,1.61,2.02,31.55,,677,651,,
CRANE,157,i | 1 | 2 | 3,,1.54,-1.91,"4,013,900","6,242","1,168",,1.09,,,0,-0.06,-5.91,-11.97,,58.93,,,,,
CRC,158,i | 1 | 3,,33.25,-1.48,"15,819,700","526,494","200,531",109.96,3.71,,0.40,0.3,1.8,3.26,0.03,1.19,53.11,,"1,021","1,067",,
CRD,159,i | 1 | 2 | 3,,1.07,-4.46,"6,317,200","6,942",535,,1.51,,,0,-2.75,-6.91,2.11,,25.89,,,,,
CSC,160,i | 1 | 3,,49.25,0.00,"3,000",148,"2,561",10.23,0.71,0.22,2.45,4.81,6.99,7.02,8.05,4.97,38.07,,492,402,1.19,
CSP,161,i | 1 | 2 | 3,,3.02,-0.66,"9,186,000","28,325","1,498",4.46,1.85,2.56,0.10,0.68,19.64,52.55,17.02,,19.70,,15,50,0.05,
CSR,162,i | 1 | 2 | 3,,61,0.00,0,0,"1,251",57.60,1.15,0.12,0.69,1.06,2.03,1.83,22.72,1.13,21.08,,"1,025","1,031",-3.5,
CSS,163,i | 1 | 2 | 3,,2.02,-3.81,"14,078,600","28,656","2,375",28.53,1.43,,0.03,0.07,3.38,5.06,2.94,2.86,70.77,,818,845,-1.41,
CTW,164,i | 1 | 2 | 3,,8,-1.23,"41,800",334,"3,183",12.59,0.73,,0.45,0.64,5.57,5.85,0.58,5.56,25.95,,582,539,-0.11,
CV,165,i,,3.56,+4.71,"82,131,200","287,699",0,,-,,-,0,9.74,14.31,6.42,-,46.30,,,,,
CWT,166,i | 1 | 2 | 3,,3.76,-2.08,"4,062,200","15,404","2,369",12.96,1.46,,,0.29,7.97,11.88,9.43,,54.63,,416,428,0.5,
D,167,i | 1 | 2 | 3,,3.92,-2.00,"854,200","3,362","1,129",,2.43,,0.01,0,1.33,-0.19,-4.91,0.23,33.99,,,,,
DCC,168,i | 1 | 2 | 3,,2.9,+1.40,"10,288,700","29,689","26,464",15.38,4.46,,0.05,0.19,24.65,31.85,20.47,5.18,41.04,,241,220,-2,
DCON,169,i | 1 | 2 | 3,,0.58,-4.92,"149,933,900","87,811","3,124",28.07,1.29,,0.01,0.02,5.24,4.67,9.86,1.31,29.21,,818,759,-18.05,
DDD,170,i | 1 | 2 | 3,,17.8,-1.66,"422,300","7,576","5,658",23.62,1.20,,0.50,0.75,6.84,5.09,18.52,4.74,24.02,,763,620,-0.27,
DELTA,171,i | 1 | 2 | 3,,566,+0.71,"4,938,200","2,792,428","706,018",92.46,18.71,,3.30,6.12,14.17,21.41,8.52,0.59,22.35,,613,610,-5.55,
DEMCO,172,i | 1 | 2 | 3,,4.66,-2.10,"2,547,300","11,941","3,403",48.23,0.73,,,0.1,2.88,1.54,0.55,,66.79,,"1,008",969,-1.21,
DHOUSE,173,i,,1.23,+2.50,"32,483,900","41,391","1,033",537.88,2.28,,0.03,0,0.85,0.47,-6.38,2.50,24.84,,"1,101","1,130",,
DIMET,174,i | 1 | 2 | 3,C,0.74,-3.90,"61,369,200","45,743","1,195",,8.22,,,0,-25.89,-51.97,-32.55,,50.26,,,,,
DITTO,175,i,,16.5,-0.60,"1,893,800","31,217","7,260",53.58,7.93,,,0.31,13.76,14.99,15.5,,31.08,,663,589,,
DMT,176,i | 1 | 3,,13.3,0.00,"1,057,700","14,031","15,710",23.16,1.66,,0.07,0.57,7.74,6.38,32.23,,25.34,,720,580,,
DOD,177,i | 1 | 2 | 3,,12.1,-0.82,"1,091,400","13,144","4,961",142.35,4.10,,,0.08,14.72,2.92,-5.03,,59.49,,"1,037",616,-1.99,
DOHOME,178,i | 1 | 3,,24.9,-0.40,"5,037,400","125,116","60,312",38.97,7.09,,0.01,0.64,10.24,20.7,9.13,0.03,22.21,,538,625,,
DRT,179,i | 1 | 2 | 3,,7.35,-0.68,"433,800","3,183","6,284",10.82,2.96,,0.22,0.68,20.62,28.83,14.2,5.68,34.59,,166,154,0.71,
DTAC,180,i | 1 | 2 | 3,,38.5,0.00,"12,608,400","485,707","91,161",22.40,4.21,,1.05,1.72,4.66,17.57,5.79,7.77,29.26,,442,727,-0.15,
DTCI,181,i | 1 | 3,,28,0.00,0,0,280,10.82,0.73,,0.40,2.59,6.49,6.96,12.08,1.39,26.70,,511,443,-0.85,
DUSIT,182,i | 1 | 2 | 3,,10,+0.50,"274,500","2,736","8,500",,2.14,,,0,-1.5,-19.6,-29.01,,26.81,,,,,
DV8,183,i | 1 | 2 | 3,C,0.69,-2.82,"11,089,500","7,773",987,,2.16,,,0,-4.52,-6.39,-20.49,,42.61,,,,,
EA,184,i | 1 | 2 | 3,,63.75,-1.92,"21,701,700","1,385,631","237,788",45.67,8.12,,0.30,1.4,8.37,19.03,25.94,0.46,40.37,,585,716,2.01,
EASON,185,i | 1 | 2 | 3,,1.73,-0.57,"1,187,800","2,054",981,,0.93,,,0,-13.76,-15.12,6.3,,39.41,,,,,
EASTW,186,i | 1 | 2 | 3,,9.9,0.00,"14,818,700","145,159","16,471",17.38,1.48,,0.18,0.57,5.84,8.61,26.74,4.04,41.08,,577,604,-1.78,
ECF,187,i | 1 | 2 | 3,,1.74,-3.87,"10,456,500","18,566","1,670",29.84,1.31,,0.01,0.06,5.37,4.48,3.67,0.69,49.74,,854,779,-3.44,
ECL,188,i | 1 | 2 | 3,,1.84,-0.54,"12,604,800","23,162","2,040",13.59,1.18,,0.10,0.14,5.88,8.79,25.08,5.41,48.50,,515,542,0.15,
EE,189,i | 1 | 2 | 3,,1.51,+0.67,"350,303,900","529,076","4,198",28.58,2.60,,,0.05,8.99,9.58,140.32,,32.11,,682,596,357.25,
EFORL,190,i | 1 | 2 | 3,,0.26,0.00,"417,630,800","108,646","10,394",53.42,8.67,,,0,12.67,36.72,8.39,,54.81,,511,609,-0.66,
EGCO,191,i | 1 | 2 | 3,,174.5,-0.85,"2,253,400","391,887","91,868",14.89,0.85,,3.25,11.72,5.31,5.97,12.44,3.69,50.00,,612,590,0.34,
EKH,192,i | 1 | 2 | 3,,7.95,+2.58,"7,249,400","57,181","4,770",29.72,5.37,,0.12,0.27,18.61,19.12,20.95,1.41,52.36,,500,433,1.01,
EMC,193,i | 1 | 2 | 3,,0.29,0.00,"93,644,600","27,051","2,446",39.08,1.16,,,0.01,2.73,3.04,3.06,,30.99,,947,943,-1.36,
EP,194,i | 1 | 2 | 3,,6.3,-3.82,"8,076,200","51,424","5,875",5.61,1.76,,0.25,1.12,16.83,33.8,7.37,3.82,36.39,,52,85,0.13,
EPG,195,i | 1 | 2 | 3,,12,0.00,"11,127,900","132,900","33,600",21.11,2.92,,0.19,0.57,11.31,14.55,15.16,2.33,25.95,,479,449,-5.31,
ERW,196,i | 1 | 2 | 3,,3.1,-1.90,"9,147,100","28,416","14,048",,2.04,,,0,-7.85,-36.84,-186.54,,61.32,,,,,
ESSO,197,i | 1 | 2 | 3,,8.15,-0.61,"12,915,500","104,017","28,206",6.20,1.56,,,1.31,9.47,29.15,4.54,,34.01,,72,239,-3.77,
ESTAR,198,i | 1 | 3,,0.6,0.00,"12,520,100","7,530","3,013",17.19,0.63,,0.01,0.03,3.4,3.73,2.59,1.67,39.65,,728,715,2.54,
ETC,199,i | 1 | 3,,2.56,0.00,"7,803,400","19,979","5,734",25.93,2.15,,,0.1,9.17,12.2,30.91,,33.85,,576,559,,
ETE,200,i | 1 | 2 | 3,,2.24,-4.27,"12,074,900","27,348","1,254",27.26,1.43,,0.04,0.08,3.93,5.32,2.94,1.59,43.09,,787,804,-0.37,
EVER,201,i | 1 | 2 | 3,,0.38,-2.56,"24,040,800","9,253","1,476",66.60,0.56,,,0.01,4.13,0.85,1.08,,62.74,,"1,048",945,-20.85,
F D,202,i | 1 | 3,,23,+1.32,"2,800",64,405,15.87,0.37,0.38,,1.45,2.07,2.37,5.06,,24.82,,731,746,0.06,
FANCY,203,i | 1 | 3,,1.13,+5.61,"16,681,500","18,451",695,,0.76,,,0,-5.25,-5.86,-30.83,,51.66,,,,,
FE,204,i | 1 | 2 | 3,,195,0.00,0,0,"1,535",20.51,1.16,0.25,7.50,9.51,5.7,5.71,0.88,3.99,22.08,,708,650,-23.04,
FLOYD,205,i | 1 | 2 | 3,,1.93,-2.53,"3,389,400","6,678",695,39.77,1.69,0.15,,0.05,4.42,4.33,3.43,,27.13,,916,881,3.14,
FMT,206,i | 1 | 2 | 3,,26.75,-0.93,200,5,"1,284",8.30,0.80,0.96,1.63,3.22,6.57,9.9,2.81,6.02,25.54,,361,376,-1.21,
FN,207,i | 1 | 2 | 3,,2.24,0.00,"298,300",664,"2,240",,1.59,,,0,-3.5,-3.81,-9.92,0.17,36.98,,,,,
FNS,208,i | 1 | 2 | 3,,4.1,-0.97,"250,300","1,028","1,418",8.82,0.53,,0.15,0.46,5.87,5.92,6.1,15.70,48.17,,487,429,-0.1,
FORTH,209,i | 1 | 3,,19,+1.06,"3,423,700","64,762","18,240",25.21,11.88,,0.15,0.75,13.96,54.29,11.88,1.70,33.35,,333,425,9.58,
FPI,210,i | 1 | 2 | 3,,2.4,-0.83,"1,726,600","4,062","3,631",20.28,2.12,,0.05,0.12,7.4,10.9,12.12,1.65,20.30,,558,558,2.68,
FPT,211,i | 1 | 2 | 3,,11.8,0.00,"57,000",670,"27,367",10.08,0.80,,0.60,1.17,4.57,8.75,12.06,5.08,16.70,,431,528,-6.08,
FSMART,212,i | 1 | 2 | 3,,11,-2.65,"3,308,900","36,808","8,800",18.11,7.24,,0.26,0.61,17.59,39.97,14.53,5.31,34.77,,262,301,0.79,
FSS,213,i | 1 | 2 | 3,,4.78,+0.84,"8,772,200","41,937","2,779",12.98,1.09,,0.06,0.37,5.33,8.72,12.69,1.27,36.15,,503,561,0.13,
FTE,214,i | 1 | 2 | 3,,1.88,+0.53,"219,000",411,"1,128",18.52,1.54,,0.04,0.1,7.67,8.47,5.23,3.21,35.19,,596,524,-3,
FVC,215,i | 1 | 2 | 3,,1.18,+1.72,"175,989,200","216,679",667,,2.19,,,0,6.02,-12.48,5.02,,74.05,,,,,
GBX,216,i | 1 | 2 | 3,,1.44,-0.69,"20,002,900","29,187","1,568",13.55,1.05,,0.03,0.11,6.23,7.97,0.41,2.07,51.06,,537,521,0.09,
GC,217,i | 1 | 2 | 3,,12.2,0.00,"206,000","2,485","2,440",12.51,4.37,1.79,0.40,0.98,16.24,37.68,4.58,4.75,33.21,,181,229,1.02,
GCAP,218,i | 1 | 2 | 3,,2,0.00,"881,400","1,755",600,,1.31,,0.05,0,3.84,-8.36,-32.05,2.50,71.01,,,,,
GEL,219,i | 1 | 2 | 3,,0.47,-6.00,"175,958,600","85,076","2,537",,0.62,,,0,0.01,-1.08,-0.75,,82.50,,,,,
GENCO,220,i | 1 | 3,,1.02,-5.56,"19,316,600","20,299","1,145",,0.86,,,0,-1.48,-2.13,-0.06,,71.83,,,,,
GFPT,221,i | 1 | 2 | 3,,13.1,+2.34,"10,621,800","137,466","16,425",15.70,1.13,,0.20,0.83,6.18,7.38,3.42,1.56,57.88,,584,554,3.4,
GGC,222,i | 1 | 2 | 3,,10.8,-1.82,"571,400","6,168","11,056",13.18,1.13,,0.35,0.82,6.97,8.76,1.77,3.18,27.70,,504,472,-0.08,
GIFT,223,i | 1 | 2 | 3,,2.74,+2.24,"816,700","2,193",906,,1.54,,0.05,0,-4.53,-5.17,-23.04,1.87,25.15,,,,,
GJS,224,i | 1 | 2 | 3,,0.37,0.00,"109,049,100","40,148","9,430",9.83,0.69,0.17,,0.04,7.52,7.24,12.87,,30.71,,463,360,,
GL,225,i | 1 | 2 | 3,SPNPNC,0.65,0.00,0,0,992,,0.19,1.72,,0,-3.98,-19.76,-55.52,,44.15,,,,,
GLAND,226,i | 1 | 2 | 3,,2.26,-0.88,"43,500",97,"14,690",26.97,1.03,,,0.08,3.04,3.95,46.42,,5.09,,830,836,1.19,
GLOBAL,227,i | 1 | 2 | 3,,21.4,+0.94,"11,636,300","248,100","98,476",35.53,5.43,,0.19,0.6,10.36,16.17,10.87,0.83,32.11,,577,602,1.34,
GLOCON,228,i | 1 | 2 | 3,,1.2,-1.64,"20,800,700","25,141","2,463",,2.31,,,0,-1.76,-3.9,0.87,,62.02,,,,,
GPI,229,i | 1 | 2 | 3,,2.14,+5.94,"2,690,100","5,594","1,284",4.87,1.54,,0.03,0.44,31.1,36.34,25.45,3.96,40.14,,41,22,-0.35,
GPSC,230,i | 1 | 2 | 3,,77.5,-0.32,"17,580,200","1,355,725","218,529",26.31,2.09,,0.50,2.95,5.59,8.13,12.38,1.93,24.75,,693,719,1.22,
GRAMMY,231,i | 1 | 2 | 3,,13.9,0.00,"46,300",640,"11,397",71.55,9.39,,,0.19,6.85,14.09,19.79,,20.23,,708,814,0.15,
GRAND,232,i | 1 | 2 | 3,,0.56,0.00,"1,679,600",936,"2,025",,0.84,,,0,-6.43,-38.37,-240.63,,36.43,,,,,
GREEN,233,i | 1 | 2 | 3,,2,-1.96,"314,961,500","687,633","1,636",28.66,2.02,,,0.07,6.55,7.3,70.9,,45.73,,745,689,-0.28,
GSC,234,i | 1 | 3,,1.65,-1.20,"982,800","1,637",413,,1.94,,,0,-8.36,-9.33,-27.14,,43.24,,,,,
GSTEEL,235,i | 1 | 2 | 3,SPNC,0.09,0.00,0,0,617,,,1.50,,0,8.6,9.97,9.23,,30.60,,,,,
GTB,236,i | 1 | 2 | 3,,1.06,-5.36,"19,088,300","20,704","1,018",,1.49,,0.02,0,-2.27,-2.76,-6.14,1.79,24.75,,,,,
GULF,237,i | 1 | 2 | 3,,40.5,-0.61,"47,414,400","1,913,307","475,193",81.19,6.88,,0.38,0.5,5.61,12.46,17.21,0.93,26.23,,746,887,3.31,
GUNKUL,238,i | 1 | 2 | 3,,4.76,-0.42,"72,121,300","343,426","42,281",11.05,3.40,,0.06,0.43,11.82,34.65,25.74,3.77,43.06,,158,271,0.27,
GYT,239,i | 1 | 3,,234,0.00,0,0,"1,732",,0.49,0.87,,0,0.26,-0.53,0.69,,25.36,,,,,
HANA,240,i | 1 | 2 | 3,,81.75,+9.36,"42,418,400","3,381,500","65,799",31.95,2.89,,0.75,2.56,7.46,9.38,9.05,1.87,57.00,,721,681,-46.99,
HARN,241,i | 1 | 2 | 3,,2.52,-1.56,"3,797,400","9,590","1,473",18.20,1.15,,0.13,0.14,6.34,6.32,7.8,5.08,34.05,,655,582,0.33,
HEMP,242,i | 1 | 2 | 3,C,0.61,-1.61,"10,917,800","6,641","1,789",,12.20,,,0,-14.16,-49.16,-43.91,,52.99,,,,,
HFT,243,i | 1 | 2 | 3,,8.6,-0.58,"1,465,800","12,594","5,663",10.50,1.71,,0.32,0.82,17.07,17.13,16.32,3.64,44.74,,257,174,-1.38,
HMPRO,244,i | 1 | 2 | 3,XD,13.9,0.00,"34,264,100","475,635","182,802",31.84,8.42,,0.12,0.44,13.25,27.54,8.52,2.16,40.83,,455,514,2.08,
HPT,245,i | 1 | 2 | 3,,0.89,-1.11,"23,488,800","21,310",589,,1.98,,,0,-3.32,-3.85,-2.88,,23.02,,,,,
HTC,246,i | 1 | 2 | 3,,35.75,0.00,"402,000","14,406","7,184",12.21,2.02,,0.83,2.93,13.21,17.85,9.98,5.31,39.12,,286,266,0.22,
HTECH,247,i | 1 | 2 | 3,,6.2,-3.88,"5,762,000","35,976","1,860",15.88,1.59,,0.11,0.39,9.5,10.4,15.89,1.35,77.53,,507,426,1.07,
HUMAN,248,i | 1 | 2 | 3,,10.6,-0.92,"621,500","6,692","7,208",41.52,5.49,,0.06,0.26,12.73,13.69,22.81,1.28,,,663,579,1.7,
HYDRO,249,i | 1 | 2 | 3,C,0.4,-2.44,"6,240,200","2,485",615,,,,,0,-5.09,"-2,066.08",-0.56,,44.70,,,,,
ICC,250,i | 1 | 2 | 3,,30,-0.83,"11,000",330,"8,719",157.42,0.33,,0.25,0.19,0.38,0.21,2.37,0.83,27.98,,"1,092","1,121",54.99,
ICHI,251,i | 1 | 2 | 3,,11.2,-0.88,"8,107,900","90,866","14,560",29.54,2.46,,0.50,0.38,7.92,8.22,10.27,4.42,46.59,,727,644,0.18,
ICN,252,i | 1 | 2 | 3,,5.95,+0.85,"8,971,600","53,521","2,678",17.44,4.38,,0.08,0.34,13.51,26.62,7.27,3.05,55.91,,298,349,0.9,
IFEC,253,i | 1 | 2 | 3,SPNPNC,0.35,0.00,0,0,707,,0.21,2.90,0.12,0,-4.96,,-118.59,,88.18,,,,,
IFS,254,i | 1 | 3,,2.66,-0.75,"798,800","2,127","1,313",10.71,0.86,1.26,0.14,0.25,5.59,8.16,37.82,5.22,26.81,,466,494,1.61,
IHL,255,i | 1 | 2 | 3,,3.9,-0.51,"439,800","1,714","2,312",40.71,1.44,,0.10,0.1,2.82,3.61,7.53,,34.89,,943,946,-37.61,
IIG,256,i,,31.25,+0.81,"2,538,400","80,084","3,125",42.14,6.19,,0.15,0.74,15.3,18.77,10.01,0.48,41.35,,580,539,,
III,257,i | 1 | 2 | 3,,11.8,0.00,"5,396,500","63,161","7,191",26.79,4.76,,0.10,0.44,12.06,19.67,12.74,0.84,34.88,,456,486,2.11,
ILINK,258,i | 1 | 2 | 3,,9.3,+8.77,"25,477,000","234,785","5,056",22.78,1.65,,0.14,0.41,5.41,7.68,7.55,1.59,45.66,,671,695,0.14,
ILM,259,i | 1 | 3,,15.9,-1.24,"725,000","11,578","8,030",15.01,1.55,,0.15,1.06,6.8,10.4,5.87,2.61,24.87,,489,508,,
IMH,260,i | 1 | 3,,15.5,+6.16,"7,114,000","106,732","3,333",39.07,6.51,,,0.4,16.67,18.17,29.93,,25.99,,569,508,,
IND,261,i,,1.95,-3.92,"19,946,700","40,086",683,189.45,1.99,1.01,,0.01,-1.38,-2.36,-11.3,,46.14,,,,,
INET,262,i | 1 | 2 | 3,,4.12,-0.96,"3,948,800","16,250","2,060",18.52,1.02,,,0.22,4.45,5.67,3.08,,50.57,,683,689,0.18,
INGRS,263,i | 1 | 2 | 3,,0.96,+1.05,"29,295,100","28,153","1,389",,1.07,,,0,-2.3,-11.48,-10.12,,39.41,,,,,
INOX,264,i | 1 | 3,,1.27,0.00,"44,452,200","57,127","9,901",20.95,1.07,,,0.06,5.16,5.22,4.46,,15.31,,732,689,0.4,
INSET,265,i | 1 | 3,,7.9,+0.64,"8,902,000","71,190","4,866",33.47,5.68,0.59,0.08,0.24,13.41,17.95,9.51,1.38,39.36,,543,520,2.61,
INSURE,266,i | 1 | 3,,29.75,0.00,0,0,298,,2.02,3.87,,0,-2.12,-6.11,-3.79,,24.92,,,,,
INTUCH,267,i | 1 | 2 | 3,,83,+1.53,"19,851,300","1,639,046","266,148",24.64,6.77,,1.23,3.37,20.79,28.51,273.84,3.06,63.21,,373,357,-3.42,
IP,268,i | 1 | 3,,21.8,-1.36,"805,100","17,757","6,497",97.80,12.39,,0.02,0.22,13.96,13.87,12.06,0.07,49.29,,722,616,,
IRC,269,i | 1 | 2 | 3,,17.1,0.00,"14,300",244,"3,420",8.38,0.85,,0.57,2.04,10.11,10.71,7.57,3.33,23.63,,344,254,-1.03,
IRCP,270,i | 1 | 2 | 3,,1.93,-5.39,"166,282,600","336,047",798,34.33,3.57,,,0.06,7.46,14.58,-3.76,,85.14,,600,692,0.1,
IRPC,271,i | 1 | 2 | 3,,4.02,-1.47,"134,363,900","538,758","82,146",6.17,0.97,,0.08,0.65,9.88,16.98,8.74,1.47,51.94,,175,225,-0.19,
IT,272,i | 1 | 2 | 3,,6.3,-0.79,"314,300","2,005","2,308",50.56,2.15,,,0.12,2.65,4.35,2.1,,40.72,,947,988,0.98,
ITD,273,i | 1 | 2 | 3,,2.32,+0.87,"31,157,200","71,295","12,249",,0.89,,,0,2.72,-1.53,1.87,,77.07,,,,,
ITEL,274,i | 1 | 3,,5.1,+2.41,"85,817,400","430,199","5,260",29.40,2.46,,,0.17,5.41,9.2,9.22,,36.48,,699,765,0.98,
IVL,275,i | 1 | 2 | 3,,44.25,-0.56,"18,382,100","802,274","248,444",15.49,1.69,,0.25,2.86,5.6,11.73,7.14,1.57,35.11,,459,581,0.51,
J,276,i | 1 | 3,,3.12,-2.50,"7,227,200","22,546","2,899",37.01,1.78,1.42,0.03,0.08,4.64,5.35,18.53,0.94,22.98,,863,854,-0.44,
JAK,277,i,,1.78,0.00,"25,547,100","46,920",570,64.15,1.38,,0.04,0.03,2.35,2.14,2.92,2.25,27.24,,"1,021","1,022",,
JAS,278,i | 1 | 2 | 3,,2.84,0.00,"19,146,700","54,291","24,404",,8.88,,,0,1.35,-62.49,-11.92,8.75,46.13,,,,,
JCK,279,i | 1 | 2 | 3,,1.11,0.00,"4,106,400","4,567","2,410",,1.26,,,0,1.27,-6.41,-40.7,,53.67,,,,,
JCKH,280,i | 1 | 2 | 3,C,0.51,0.00,"8,290,500","4,229",531,,51.00,24.38,,0,-12.06,-780.56,-45.81,,48.68,,,,,
JCT,281,i | 1 | 2 | 3,,77.25,0.00,0,0,"1,043",17.10,0.89,,3.50,4.52,5.53,5.23,7.21,4.49,25.46,,681,620,-27.14,
JKN,282,i | 1 | 2 | 3,,9.1,0.00,"1,625,700","14,760","5,528",18.87,2.08,,0.21,0.48,8.51,11.39,17.76,2.27,39.61,,525,503,1.17,
JMART,283,i | 1 | 2 | 3,,43.25,+0.58,"26,191,500","1,128,489","44,659",40.67,8.51,,0.40,1.06,10.04,25.56,13.97,1.47,55.26,,513,643,-0.41,
JMT,284,i | 1 | 2 | 3,,48.75,+1.04,"14,476,000","699,768","54,416",45.92,6.83,,0.40,1.06,11.62,20.86,34.55,1.58,46.94,,565,621,0.6,
JR,285,i | 1 | 3,,7.1,-0.70,"834,600","5,933","5,396",29.55,3.51,0.55,0.06,0.24,7.31,10.99,10.69,0.84,43.10,,659,668,,
JSP,286,i | 1 | 2 | 3,,0.4,0.00,"3,948,400","1,552","1,680",,0.41,,,0,-7.2,-16.08,-8.11,,60.59,,,,,
JTS,287,i | 1 | 3,,55.5,-0.89,"93,100","5,200","39,208",526.94,78.17,,,0.11,12.1,9.95,11.45,,38.63,,851,687,-16.41,
JUBILE,288,i | 1 | 2 | 3,,24,+0.42,"54,900","1,314","4,183",15.22,3.42,0.72,0.15,1.58,19.88,24.15,12.94,2.59,45.00,,275,240,0.95,
JUTHA,289,i | 1 | 2 | 3,C,1.57,-2.48,"1,839,100","2,862",663,,6.28,,,0,-3.92,-90.85,-9.96,,27.68,,,,,
JWD,290,i | 1 | 2 | 3,,15.5,+1.31,"4,328,900","65,922","15,810",39.06,4.86,,0.22,0.4,6.45,12.92,10.79,1.44,41.22,,661,764,-0.02,
K,291,i | 1 | 2 | 3,,1.34,-0.74,"791,200","1,068",482,,2.31,,,0,-5.46,-26.51,-8.48,,46.56,,,,,
KAMART,292,i | 1 | 2 | 3,,3.76,0.00,"468,700","1,746","3,309",24.38,3.36,,0.04,0.15,11.63,13.78,9.01,3.72,72.57,,525,472,2.95,
KASET,293,i | 1 | 2 | 3,,1.75,+1.74,"1,908,400","3,366",487,,1.80,,,0,-9.06,-19.66,-14.12,,31.62,,,,,
KBANK,294,i | 1 | 3,,122,-0.81,"29,743,900","3,646,302","289,058",7.33,0.63,,0.50,16.64,1.9,9.18,19.27,2.03,79.60,,366,583,-488.67,
KBS,295,i | 1 | 2 | 3,,4.64,+0.43,"37,000",171,"2,784",,0.93,,,0,-1.31,-14.01,4.77,,37.59,,,,,
KC,296,i | 1 | 2 | 3,SPNPNC,0.18,0.00,0,0,158,,0.24,3.23,,0,-5.82,-35.05,-94.54,,50.17,,,,,
KCAR,297,i | 1 | 2 | 3,,8.65,0.00,"24,700",213,"2,163",10.86,1.00,,0.17,0.8,5.05,9.4,8.4,5.09,26.50,,438,527,1.61,
KCE,298,i | 1 | 2 | 3,,82.5,+4.78,"68,750,600","5,718,400","97,439",55.63,7.64,,0.60,1.48,10.95,14.3,15.84,1.02,58.02,,685,661,-4.04,
KCM,299,i | 1 | 3,,1.09,-0.91,"2,957,900","3,220",741,,1.65,,,0,-0.06,-1,1.66,0.41,29.23,,,,,
KDH,300,i | 1 | 3,,87,0.00,800,70,"1,686",,3.52,0.25,,0,1.51,-0.25,3.15,,35.94,,,,,
KEX,301,i,,40.25,+1.26,"1,938,500","77,245","70,035",53.65,6.32,,0.74,0.75,10.02,12.14,7.2,0.55,26.82,,731,686,,
KGI,302,i | 1 | 2 | 3,,6.65,-2.21,"21,588,400","143,485","13,245",6.57,1.95,,0.25,1.01,12.31,33.48,37.8,3.68,65.02,,67,165,0.36,
KIAT,303,i | 1 | 2 | 3,,0.62,-1.59,"17,179,500","10,775","1,916",16.82,1.72,,0.01,0.04,11.54,10.2,12.93,5.92,47.00,,526,388,0.04,
KISS,304,i,,11.4,-0.87,"1,464,200","16,699","6,840",46.49,7.45,,0.06,0.25,17.21,17.48,17.09,0.35,34.20,,612,530,,
KK,305,i,,3.12,0.00,"274,400",852,718,31.20,4.39,1.37,0.03,0.1,9.26,17.7,2.94,0.96,26.22,,530,613,,
KKC,306,i | 1 | 3,,1.23,-1.60,"757,400",938,"1,845",,2.12,,,0,-3.35,-38.31,-3.54,,41.62,,,,,
KKP,307,i | 1 | 2 | 3,,55,+0.46,"4,659,700","254,728","46,571",8.83,0.97,,0.75,6.23,2.81,11.53,25.11,4.11,92.68,,327,569,0.47,
KOOL,308,i | 1 | 2 | 3,,1,-0.99,"13,999,300","13,893",792,,2.50,,,0,-5.9,-17.16,-2.01,,64.26,,,,,
KSL,309,i | 1 | 2 | 3,,3.6,-2.17,"10,659,300","38,839","15,877",28.19,0.82,,,0.13,2.65,3,6.21,,27.81,,868,870,2.13,
KTB,310,i | 1 | 2 | 3,,11.1,-0.89,"35,100,300","389,949","155,134",8.57,0.45,,0.28,1.29,1.46,5.31,23.07,2.46,44.93,,503,624,2.73,
KTC,311,i | 1 | 2 | 3,,62.75,-1.95,"14,094,700","884,402","161,790",27.63,6.68,,0.88,2.27,10.78,26.35,31.04,1.38,40.45,,413,528,0.95,
KTIS,312,i | 1 | 2 | 3,,5.35,0.00,"197,900","1,065","20,651",,2.92,,,0,-2.34,-9.08,-14.84,,20.73,,,,,
KUMWEL,313,i | 1 | 3,,3.54,+5.36,"31,169,600","109,261","1,522",32.78,3.16,,0.09,0.11,10.17,9.68,10.68,2.68,33.09,,718,597,,
KUN,314,i | 1 | 3,,2.94,-2.00,"1,101,700","3,261","2,018",16.04,3.59,,0.05,0.18,13.88,24.34,15.35,1.82,41.36,,289,316,,
KWC,315,i | 1 | 3,,253,0.00,0,0,"1,518",18.73,2.23,0.20,9.50,13.5,12.34,12.14,25.28,3.70,64.57,,497,387,1.15,
KWG,316,i | 1 | 2 | 3,C,1.77,+0.57,"86,700",153,"2,331",,1.22,,,0,-4.46,-24.34,-137.19,,13.26,,,,,
KWM,317,i | 1 | 3,,4.8,-2.04,"3,364,000","16,280","2,016",27.93,5.22,,0.07,0.17,16.6,19.88,16.26,1.47,26.85,,464,426,-2.33,
KYE,318,i | 1 | 3,,377,-0.26,"4,000","1,509","7,465",7.14,0.88,,25.25,52.79,13.31,14.63,6.27,6.68,29.50,,221,150,0.1,
L E,319,i | 1 | 2 | 3,,2.14,0.00,"99,900",215,"1,053",28.91,0.93,,0.08,0.07,2.73,3.21,0.16,3.50,36.08,,873,873,2.15,
LALIN,320,i | 1 | 2 | 3,,9.35,-1.06,"443,000","4,137","8,649",6.34,1.11,,0.30,1.47,13.62,18.4,21.04,6.46,31.61,,156,133,0.24,
LANNA,321,i | 1 | 2 | 3,,24.9,-2.75,"2,776,800","69,197","13,072",20.44,2.66,,0.30,1.22,16.19,13.65,14.23,1.76,24.48,,488,352,0.75,
LDC,322,i | 1 | 2 | 3,,1.3,0.00,"589,500",763,780,,3.61,1.20,,0,-0.26,-6.61,-10.63,,29.53,,,,,
LEE,323,i | 1 | 2 | 3,,2.7,0.00,"112,800",305,"2,490",14.27,0.96,,0.18,0.19,7.22,6.73,3.43,6.67,47.46,,587,479,0.78,
LEO,324,i,,12,0.00,"1,113,500","13,353","3,840",38.99,5.80,,0.07,0.31,13.79,22.21,6.75,0.58,41.02,,526,539,,
LH,325,i | 1 | 2 | 3,,8.05,-2.42,"96,267,200","778,322","96,195",11.99,1.93,,0.25,0.67,8.46,16.35,21.55,6.06,69.40,,307,393,1.84,
LHFG,326,i | 1 | 2 | 3,,1.39,-2.80,"39,359,700","55,234","29,445",16.68,0.76,,0.03,0.08,1.83,4.57,28.35,2.78,16.83,,690,773,1.46,
LHK,327,i | 1 | 2 | 3,,3.72,0.00,"191,500",713,"1,425",9.43,0.96,,0.18,0.39,11.88,10.44,8.54,8.06,32.72,,368,223,2.73,
LIT,328,i | 1 | 2 | 3,,3.68,0.00,"256,000",945,815,21.18,0.78,,0.18,0.17,6.01,3.7,1.57,4.86,58.96,,783,644,1.44,
LOXLEY,329,i | 1 | 2 | 3,,2.78,-1.42,"6,107,900","17,021","6,297",43.86,1.18,,,0.06,3.01,2.74,5.58,,68.21,,977,955,-0.19,
LPH,330,i | 1 | 2 | 3,,6,0.00,"829,800","4,985","4,500",18.76,2.88,,0.10,0.32,12.83,16.05,12.68,2.50,49.62,,422,379,2.43,
LPN,331,i | 1 | 2 | 3,,4.86,-3.76,"13,376,500","66,129","7,172",11.98,0.62,,0.10,0.41,3.81,5.14,8.72,27.72,92.08,,593,608,-1.18,
LRH,332,i | 1 | 3,,32.25,+1.57,"13,600",431,"5,376",,0.52,,,0,-2.54,-8.22,-71.84,,12.16,,,,,
LST,333,i | 1 | 3,,5.6,+0.90,"9,105,100","52,809","4,592",8.57,1.15,,0.22,0.65,12.64,14.01,6.06,3.96,23.94,,266,191,0.7,
M,334,i | 1 | 2 | 3,,54,-1.39,"1,011,400","53,732","49,727",61.88,3.81,,0.50,0.87,5,6.12,-0.35,1.85,45.12,,914,907,6.89,
M-CHAI,335,i | 1 | 2 | 3,,185,-2.12,"1,800",334,"2,960",123.10,2.01,6.08,2.00,1.5,-1.13,1.69,-12.74,1.06,39.86,,"1,057",,-14.33,
MACO,336,i | 1 | 2 | 3,,0.69,-1.43,"21,687,200","15,054","3,734",,1.19,,,0,-11.09,-20.56,21.12,,34.44,,,,,
MAJOR,337,i | 1 | 2 | 3,,21.5,+0.47,"6,106,300","131,923","19,235",,3.13,,,0,-0.45,-2.18,-25.36,,49.49,,,,,
MAKRO,338,i | 1 | 3,,52.75,+0.48,"8,535,000","446,313","253,200",37.66,11.32,,0.40,1.4,12.93,31.35,2.71,1.90,6.92,,470,549,9.39,
MALEE,339,i | 1 | 2 | 3,,7,-0.71,"105,700",744,"1,932",,2.70,,,0,-4.66,-25.82,-2.53,,49.05,,,,,
MANRIN,340,i | 1 | 3,,25,0.00,0,0,673,,1.68,0.93,,0,-9.62,-17.37,-272.25,,38.73,,,,,
MATCH,341,i | 1 | 2 | 3,,1.64,-1.80,"2,200",4,"1,282",,0.99,,,0,-8.04,-9.54,-26.79,,12.27,,,,,
MATI,342,i | 1 | 2 | 3,,7.25,-1.36,300,2,"1,344",6.52,0.90,,0.20,1.11,12.46,14.67,34.3,2.72,33.62,,212,160,-0.04,
MAX,343,i | 1 | 2 | 3,SPNC,0.01,0.00,0,0,857,,0.50,0.44,,0,-2.21,-4.59,-4.7,,42.47,,,,,
MBAX,344,i | 1 | 2 | 3,,5.35,-0.93,"341,600","1,802","1,027",15.73,2.16,1.43,,0.34,6.56,12.35,-1.69,16.45,55.52,,449,530,0.35,
MBK,345,i | 1 | 2 | 3,,13.9,0.00,"1,399,100","19,384","24,289",,1.11,,,0,2.38,-0.91,-2.13,,46.34,,,,,
MBKET,346,i | 1 | 3,,12,0.00,"46,300",551,"6,850",9.92,1.44,3.15,0.48,1.21,5.37,15.05,24.83,5.00,16.75,,266,482,-2.22,
MC,347,i | 1 | 2 | 3,,9.4,-0.53,"590,200","5,534","7,520",16.70,2.08,,0.20,0.56,11.88,12.43,13.73,5.82,42.76,,464,373,-1.06,
MCOT,348,i | 1 | 3,,7.25,-2.03,"919,900","6,734","4,981",,1.02,,,0,-15.51,-25.09,10.48,,22.71,,,,,
MCS,349,i | 1 | 2 | 3,,14.7,+0.68,"2,870,400","42,090","7,012",6.07,1.73,,0.40,2.42,24.01,31.31,21.75,6.85,87.47,,65,42,0.35,
MDX,350,i | 1 | 3,,7.5,0.00,"4,025,500","30,340","3,567",11.30,0.93,,,0.66,8.01,10.51,207.55,,76.69,,420,394,0.22,
MEGA,351,i | 1 | 2 | 3,,48.5,-2.51,"7,880,900","385,274","42,286",26.31,5.78,,0.52,1.84,16.97,23.29,12.13,1.81,38.93,,423,406,1.85,
MENA,352,i,,2,+1.01,"17,285,000","34,840",0,,-,,-,0,6,6.58,7.25,-,41.30,,,,,
META,353,i | 1 | 2 | 3,,0.63,0.00,"84,445,500","53,387",924,,0.45,,,0,-0.91,-3.97,"-1,761.63",,63.59,,,,,
METCO,354,i | 1 | 2 | 3,,276,+1.10,"172,500","47,922","5,768",8.44,0.98,,10.00,32.69,10.06,12.09,4.22,3.66,22.01,,307,258,-0.07,
MFC,355,i | 1 | 3,,21.9,0.00,"24,900",545,"2,751",10.24,2.37,,1.10,2.14,23.91,25.13,22.21,5.02,34.12,,172,125,-1.41,
MFEC,356,i | 1 | 2 | 3,,9.5,+4.40,"12,463,200","117,109","4,194",16.73,2.29,,0.40,0.57,8.41,13.95,4.21,4.40,44.16,,433,480,-0.15,
MGT,357,i | 1 | 3,,3.56,-3.26,"4,205,800","15,134","1,424",15.65,2.85,,0.03,0.23,19.14,19.1,13.35,2.72,24.95,,327,253,0.5,
MICRO,358,i,,7.85,-2.48,"4,853,100","38,581","7,340",42.19,3.93,0.51,0.06,0.19,9.09,11.54,34.43,0.68,35.91,,716,686,,
MIDA,359,i | 1 | 2 | 3,,0.57,-5.00,"22,514,100","13,116","1,427",,0.39,,,0,1.35,-5.77,-10.79,,53.80,,,,,
MILL,360,i | 1 | 2 | 3,,1.37,+1.48,"18,465,000","25,294","6,343",,1.05,,,0,1.07,-2.25,1.65,0.23,31.10,,,,,
MINT,361,i | 1 | 2 | 3,,32,-3.03,"22,505,200","723,960","166,369",,2.94,,,0,-4.94,-35.79,-42.07,,61.42,,,,,
MITSIB,362,i | 1 | 3,,1.26,-1.56,"520,600",658,945,"3,237.03",1.34,,0.05,0,2.12,0.04,-3.7,3.43,70.54,,"1,117","1,085",,
MJD,363,i | 1 | 2 | 3,,1.99,+0.51,"1,453,500","2,867","1,712",,0.31,,,0,3.21,-1.37,-6.45,,41.90,,,,,
MK,364,i | 1 | 2 | 3,,3.1,-0.64,"45,600",142,"3,383",,0.52,,,0,1.53,-1.21,-14.91,3.53,44.13,,,,,
ML,365,i | 1 | 2 | 3,,1.32,-2.22,"8,848,300","11,837","1,406",11.11,0.70,,0.05,0.12,6.74,6.44,25.92,3.70,43.40,,536,444,-27.26,
MODERN,366,i | 1 | 2 | 3,,3.76,-1.57,"126,400",479,"2,820",20.22,1.23,,0.05,0.19,5.62,6.17,4.43,5.24,68.74,,688,648,-0.86,
MONO,367,i | 1 | 2 | 3,,1.56,-1.89,"12,236,600","19,158","5,415",,3.90,,,0,-0.13,-5.32,2.46,,24.92,,,,,
MOONG,368,i | 1 | 2 | 3,,5.1,0.00,"52,800",266,860,12.71,1.07,,0.18,0.4,7.11,8.59,10.88,3.53,31.48,,501,456,24.44,
MORE,369,i | 1 | 2 | 3,,1.54,-2.53,"34,728,100","53,959","10,058",,30.80,,,0,-1.73,-3.53,23.24,,52.27,,,,,
MPIC,370,i | 1 | 2 | 3,,1.57,-3.68,"35,200",55,"2,041",121.54,4.76,,,0.01,4.07,3.95,-29.53,,7.54,,"1,005",968,-2.66,
MSC,371,i | 1 | 3,,6.1,-1.61,"124,600",759,"2,196",13.19,1.18,,0.30,0.46,6.61,9.08,2.34,4.84,30.98,,501,490,3.64,
MTC,372,i | 1 | 2 | 3,,63.5,0.00,"4,750,300","300,922","134,620",25.14,5.97,,0.37,2.53,11.03,26.43,34.1,0.58,32.12,,384,490,0.48,
MTI,373,i | 1 | 2 | 3,,88,0.00,"39,000","3,424","5,192",7.51,0.91,,4.51,11.72,3.45,12.77,8.88,5.13,46.41,,272,523,-1.46,
MUD,374,i | 1 | 3,,2.04,-1.92,"164,300",334,"2,149",,0.98,,,0,-5.39,-13.9,-6.34,,18.02,,,,,
MVP,375,i | 1 | 2 | 3,,4.36,0.00,"1,628,400","7,156",872,,6.81,,,0,-5.36,-17.91,-1.45,,40.08,,,,,
NBC,376,i | 1 | 2 | 3,,0.9,-3.23,"605,900",545,"1,012",,1.61,,,0,-3.55,-4.21,-34.57,,20.65,,,,,
NC,377,i | 1 | 2 | 3,,9.95,+3.65,"3,000",30,149,,0.35,,,0,-4.8,-10.87,-7.66,,27.95,,,,,
NCAP,378,i,,12.8,-1.54,"6,872,300","87,540","11,520",41.06,6.27,1.78,,0.31,10.84,19.81,23.49,,34.35,,560,624,,
NCH,379,i | 1 | 3,,1.43,0.00,"1,560,100","2,231","1,781",9.94,0.64,,0.04,0.14,6.31,6.63,8.92,2.80,38.03,,492,429,0.16,
NCL,380,i | 1 | 2 | 3,,3.74,-2.60,"8,857,400","33,330","1,699",53.61,5.75,,,0.07,6.23,11.29,5.69,,35.78,,757,827,18.68,
NDR,381,i | 1 | 2 | 3,,3.08,+0.65,"359,700","1,107","1,040",17.57,1.24,,0.05,0.18,7.32,7.62,5.12,1.53,23.09,,612,529,-0.68,
NEP,382,i | 1 | 2 | 3,C,0.46,0.00,"2,208,200",988,"1,070",,1.53,,,0,-2.94,-3.45,-6.47,,35.99,,,,,
NER,383,i | 1 | 3,,7.7,-0.65,"11,994,500","92,094","12,669",9.19,2.94,,0.07,0.84,14.96,37.34,7.14,2.66,56.53,,100,160,0.26,
NETBAY,384,i | 1 | 2 | 3,,26,0.00,"314,500","8,153","5,200",31.70,13.20,,0.78,0.82,32.57,42.64,42,3.01,49.00,,412,407,1.21,
NEW,385,i | 1 | 3,,50,0.00,0,0,500,134.80,1.38,0.48,,0.37,1.44,1.04,0.81,,18.08,,"1,071","1,089",-15.39,
NEWS,386,i | 1 | 2 | 3,C,0.04,-20.00,"417,475,500","18,297","3,026",19.86,4.00,,,0,19.09,23.53,353.68,,46.75,,346,314,-0.32,
NEX,387,i | 1 | 2 | 3,,8.7,-0.57,"5,652,700","48,687","14,568",,5.03,,,0,-8.14,-13.31,-16.77,,34.59,,,,,
NFC,388,i | 1 | 2 | 3,,4,-1.96,"32,600",130,"4,351",163.18,4.65,,,0.02,1.67,2.88,2.6,,11.92,,"1,044","1,085",-0.98,
NINE,389,i | 1 | 2 | 3,,3.86,-0.52,"3,100",12,"1,411",34.39,4.11,,,0.11,-0.57,13.25,76.75,,16.55,,631,,-0.09,
NKI,390,i | 1 | 2 | 3,,44.25,+0.57,"1,800",80,"1,549",9.05,0.70,,1.50,4.89,3.8,8.07,6.7,3.41,56.82,,427,536,0.51,
NMG,391,i | 1 | 2 | 3,C,0.24,0.00,"8,217,400","1,958",976,,,,,0,-8.46,-202.2,-32.16,,47.08,,,,,
NNCL,392,i | 1 | 2 | 3,,2.66,-0.75,"734,900","1,946","5,448",11.74,1.64,,0.11,0.23,11.3,14.55,51,4.10,25.32,,327,299,-0.59,
NOBLE,393,i | 1 | 2 | 3,,6.75,-2.17,"21,248,400","143,769","9,244",4.74,1.55,,0.35,1.42,13.61,34.98,15.99,12.56,49.41,,42,117,0.17,
NOK,394,i | 1 | 2 | 3,SPNPNC,1.04,0.00,0,0,"3,878",,,-5.81,,0,-51.58,,-109.74,,11.75,,,,,
NOVA,395,i | 1 | 2 | 3,,10.5,+0.96,"20,800",216,"1,470",37.77,1.56,,,0.28,-1.08,4.66,187.66,,18.85,,890,,-0.37,
NPK,396,i | 1 | 3,,14.4,0.00,0,0,144,16.29,0.33,0.12,0.10,0.88,2.1,2.07,-2.59,0.69,23.39,,744,752,-3.26,
NRF,397,i,,8.9,+0.56,"2,404,200","21,340","12,549",114.91,4.78,,,0.08,5.95,5.7,3.57,0.05,27.82,,949,877,,
NSI,398,i | 1 | 2 | 3,,78.75,+0.32,"8,100",637,"1,095",9.15,0.78,1.88,3.00,8.61,3.53,8.48,5.08,11.78,38.25,,416,548,0.83,
NSL,399,i,,19.7,-2.48,"4,472,800","88,269","5,910",27.80,4.69,,0.25,0.71,12.81,15.82,7.87,,25.00,,521,477,,
NTV,400,i | 1 | 2 | 3,,38.75,0.00,"31,100","1,200","6,200",29.21,2.90,0.14,0.87,1.33,11.09,10.12,8.26,2.25,36.08,,671,536,-15.93,
NUSA,401,i | 1 | 2 | 3,,0.41,-2.38,"9,058,800","3,755","3,297",,0.71,,,0,-4.81,-18.81,-134.42,,66.62,,,,,
NVD,402,i | 1 | 2 | 3,,2.68,0.00,"2,382,500","6,503","3,700",137.20,0.82,,,0.02,2.67,0.6,4.49,,24.67,,"1,078","1,035",-0.3,
NWR,403,i | 1 | 2 | 3,,1.01,+1.00,"15,855,700","15,902","2,611",,1.07,,,0,-4.06,-29.67,-9.97,,89.21,,,,,
NYT,404,i | 1 | 2 | 3,,4.22,-0.47,"2,221,700","9,390","5,233",20.41,1.66,,0.20,0.21,6.15,8.14,19.37,4.72,40.92,,628,623,-5.28,
OCC,405,i | 1 | 2 | 3,,9.95,0.00,"1,200",12,597,,0.59,,0.15,0,0.09,-0.01,-5.18,1.51,30.61,,,,,
OCEAN,406,i | 1 | 2 | 3,,1.62,-1.82,"17,128,100","27,940","1,954",28.29,3.52,,,0.06,15.27,13.2,15.7,,50.80,,578,443,-0.06,
OGC,407,i | 1 | 2 | 3,,26,-2.80,"2,200",57,555,,0.31,0.88,,0,-3.66,-6.94,-6.47,,38.94,,,,,
OHTL,408,i | 1 | 2 | 3,,349,+2.65,300,105,"5,269",,2.92,2.17,,0,-9.08,-27.39,-137.49,,20.89,,,,,
OISHI,409,i | 1 | 3,,43.25,-0.57,"1,600",69,"16,219",22.20,2.33,,0.30,1.95,7.45,10.63,6.84,3.33,20.34,,586,580,-2.65,
OR,410,i,,29,+0.87,"26,936,200","775,810","348,000",25.59,3.55,,0.27,1.13,7.86,11.9,3.02,0.34,23.72,,582,598,,
ORI,411,i | 1 | 2 | 3,,10.8,+2.86,"16,814,600","177,331","26,491",8.72,2.19,,0.12,1.24,12.29,26.34,24.34,4.67,32.28,,130,202,0.1,
OSP,412,i | 1 | 3,,35.25,0.00,"10,173,400","358,212","105,882",29.43,5.34,,0.45,1.2,15.76,18.64,12.68,3.12,46.56,,503,456,3.49,
OTO,413,i | 1 | 2 | 3,,17.5,+6.06,"3,350,800","57,506","4,900",,8.33,,,0,-1.93,-3.24,8.23,4.97,37.24,,,,,
PACE,414,i | 1 | 2 | 3,SPNPNC,0.03,0.00,0,0,431,,1.50,-15.97,,0,-7.73,,-571.74,,51.31,,,,,
PACO,415,i,,3.08,-0.65,"3,605,400","11,057","3,080",33.97,3.50,1.19,0.03,0.09,11.97,11.16,15.97,,25.92,,685,555,,
PAE,416,i | 1 | 2 | 3,SPNPNC,0.07,0.00,0,0,194,,,-1.69,,0,-11.47,,-43.45,,100.00,,,,,
PAF,417,i | 1 | 2 | 3,,1.63,+0.62,"1,620,300","2,643",880,10.18,1.47,,0.02,0.16,11.76,16.41,-1.84,0.93,57.19,,258,249,-0.13,
PAP,418,i | 1 | 2 | 3,,5.35,-0.93,"383,600","2,054","3,531",5.22,1.22,,0.18,1.02,17.21,25.83,10.71,3.33,25.53,,81,77,-0.01,
PATO,419,i | 1 | 2 | 3,,11.4,-0.87,"2,200",25,"1,623",14.04,3.15,,0.57,0.81,22.84,23.52,19.3,4.96,47.47,,265,213,3.64,
PB,420,i | 1 | 2 | 3,,70.5,0.00,"3,000",211,"31,725",20.20,3.31,,0.84,3.49,17.39,17.03,22.47,2.70,18.30,,421,330,3.59,
PCSGH,421,i | 1 | 2 | 3,,5.3,-0.93,"229,500","1,214","8,083",13.84,1.74,,0.15,0.38,12.07,12.86,11.93,4.67,20.14,,409,324,-0.64,
PDG,422,i | 1 | 3,,4.16,-0.48,"122,500",510,"1,123",17.01,1.91,0.17,0.10,0.24,11.45,11.03,9.76,7.66,50.15,,511,391,2.5,
PDI,423,i | 1 | 3,,10.1,+1.51,"1,250,500","12,457","2,918",28.73,0.47,,,0.35,2.68,2.12,201.01,,61.19,,892,875,0.99,
PDJ,424,i | 1 | 2 | 3,,2.26,0.00,"177,600",400,"1,218",23.02,0.57,,0.10,0.1,1.24,2.45,-1.12,4.42,58.24,,826,882,-1.11,
PE,425,i | 1 | 2 | 3,SPNPNC,0.03,0.00,0,0,24,0.86,0.18,-5.88,,0,4.04,,5.83,,40.06,,,449,-0.01,
PERM,426,i | 1 | 2 | 3,,2.66,-0.75,"3,417,900","9,131","1,995",4.07,1.32,,,0.65,15.64,38.83,12.95,,48.21,,25,84,-0.06,
PF,427,i | 1 | 2 | 3,,0.46,-4.17,"27,263,700","12,798","4,386",,0.38,,0.02,0,-1.47,-10,-13.25,4.17,71.56,,,,,
PG,428,i | 1 | 2 | 3,,6.6,0.00,0,0,634,875.87,0.46,0.15,0.10,0.01,0.23,0.05,5.04,1.53,33.05,,"1,113","1,144",-1.41,
PHOL,429,i | 1 | 2 | 3,,4.38,-0.45,"623,300","2,728",887,12.61,2.58,,0.16,0.35,13.21,20.72,7.23,6.59,44.88,,261,275,0.12,
PICO,430,i | 1 | 2 | 3,,3.52,+0.57,"35,700",123,758,,2.30,,,0,-10.14,-13.94,-8.26,,13.71,,,,,
PIMO,431,i | 1 | 2 | 3,,3.84,-1.54,"14,670,500","56,343","2,367",25.34,4.41,,0.02,0.15,14.06,18.51,9.48,1.33,36.15,,455,424,1.48,
PJW,432,i | 1 | 2 | 3,,4.58,-2.14,"4,407,200","20,286","2,629",16.00,2.31,,0.13,0.29,7.67,15.29,5.75,2.67,42.45,,389,486,-0.08,
PK,433,i | 1 | 2 | 3,,2.68,-4.29,"10,320,600","28,097","1,396",23.68,1.02,,,0.11,2.71,4.52,3.09,,33.09,,779,819,0.09,
PL,434,i | 1 | 2 | 3,,2.62,0.00,"249,900",653,"1,563",16.39,0.52,3.00,0.08,0.16,2.59,3.18,4.07,3.05,62.45,,725,736,-1.68,
PLANB,435,i | 1 | 2 | 3,,6.65,+1.53,"9,068,100","59,405","25,819",239.89,4.85,,,0.03,2.06,2,-3.84,1.18,49.63,,"1,067","1,076",12.96,
PLANET,436,i | 1 | 2 | 3,,2.78,-0.71,"1,204,800","3,330","1,042",157.18,1.73,,,0.02,3.03,1.31,1.57,,46.02,,"1,072","1,022",-1.78,
PLAT,437,i | 1 | 2 | 3,,3.08,-1.28,"799,900","2,479","8,624",,1.07,,,0,-3.16,-5.92,-111.26,,33.05,,,,,
PLE,438,i | 1 | 2 | 3,,0.91,-3.19,"8,841,400","8,132","1,239",,0.48,,,0,-1.84,-15.84,1.26,,65.59,,,,,
PM,439,i | 1 | 2 | 3,,10.3,-0.96,"942,600","9,696","6,162",14.59,4.36,,0.15,0.71,19.29,28.17,7.4,4.86,35.87,,240,232,-2.27,
PMTA,440,i | 1 | 2 | 3,,11.4,-0.87,"7,600",87,"1,154",10.58,0.76,,0.70,1.08,7.41,7.42,3.24,6.09,14.61,,486,394,-0.56,
POLAR,441,i | 1 | 2 | 3,SPNPNC,0.09,0.00,0,0,766,,0.17,0.10,,0,,,,,99.77,,,,,
PORT,442,i | 1 | 3,,2.76,-0.72,"460,700","1,265","1,676",28.48,1.19,,0.04,0.1,3.3,4.24,2.23,1.26,43.19,,840,846,0.59,
POST,443,i | 1 | 2 | 3,SPNC,1.1,0.00,0,0,550,,,-8.73,,0,-10.08,,-97.86,,30.35,,,,,
PPM,444,i | 1 | 2 | 3,,4.06,+5.73,"32,743,900","125,996","1,713",48.23,1.93,,0.02,0.08,3.56,4.07,6.29,0.39,32.89,,953,944,-1.18,
PPP,445,i | 1 | 3,,2.1,-1.87,"424,200",886,630,,0.66,,,0,-0.84,-2.99,-3.15,,39.64,,,,,
PPPM,446,i | 1 | 2 | 3,CNP,0.35,-5.41,"18,293,400","6,613",722,,5.83,,,0,-14.4,-154.21,-31.23,,69.27,,,,,
PPS,447,i | 1 | 2 | 3,,0.84,+5.00,"442,246,300","416,098",722,,2.55,,,0,1.46,-2.64,-0.74,,53.59,,,,,
PR9,448,i | 1 | 3,,10.8,-1.82,"114,000","1,232","8,492",41.70,2.08,0.17,0.11,0.26,5,5.06,3.8,1.00,58.73,,908,864,1.61,
PRAKIT,449,i | 1 | 2 | 3,,9.7,0.00,"6,600",63,586,21.59,0.66,,0.40,0.45,3,3.14,1.2,4.12,58.38,,798,788,-1.86,
PRAPAT,450,i,,1.84,-0.54,"6,172,800","11,389",626,,1.33,,0.02,0,2.22,-0.78,1.63,1.08,55.77,,,,,
PREB,451,i | 1 | 2 | 3,,8.3,-1.78,"340,400","2,833","2,562",12.14,1.17,,0.40,0.68,5.27,9.85,5.37,4.73,73.64,,455,546,0.65,
PRECHA,452,i | 1 | 3,,1.17,+1.74,"1,158,900","1,332",393,,0.98,,,0,-6.19,-8.54,-75.13,,52.08,,,,,
PRG,453,i | 1 | 2 | 3,,11.8,-0.84,"4,200",49,"7,080",17.08,1.19,,,0.69,5.16,6.9,20.85,5.46,5.74,,629,637,3.36,
PRIME,454,i | 1 | 2 | 3,,2.1,0.00,"17,226,600","35,909","8,934",29.87,3.09,,,0.07,6.36,10.9,68.38,,16.14,,669,719,-4.8,
PRIN,455,i | 1 | 3,,2.28,+2.70,"107,100",242,"2,782",9.83,0.60,,0.06,0.23,4.67,6.22,8.79,2.70,48.03,,498,511,0.2,
PRINC,456,i | 1 | 2 | 3,,4.5,+0.45,"1,677,100","7,501","17,139",,1.82,,,0,-2.35,-6.03,-20.5,,11.86,,,,,
PRM,457,i | 1 | 3,,6.75,-0.74,"9,855,800","65,919","16,875",10.34,2.03,,0.18,0.65,14.09,20.93,27.27,3.68,45.22,,203,200,0.48,
PRO,458,i | 1 | 2 | 3,SPNC,0.35,0.00,0,0,709,,2.06,0.43,,0,4.59,5.75,17.04,,64.46,,,,,
PROEN,459,i,,6.6,-0.75,"1,358,400","8,997","2,086",92.40,5.08,,0.10,0.07,6.54,8.01,4.47,,25.52,,872,838,,
PROS,460,i,,3.26,-4.68,"19,734,800","65,239","1,760",21.74,3.26,,0.03,0.15,8.8,11.23,7.08,,25.00,,569,533,,
PROUD,461,i | 1 | 3,,1.06,-0.93,"157,600",168,680,,1.03,,,0,-2.73,-5.71,"-1,550.93",,19.84,,,,,
PSH,462,i | 1 | 2 | 3,,13.3,-0.75,"1,406,000","18,618","29,107",11.80,0.68,,0.31,1.13,4.79,5.81,7.94,7.16,28.16,,565,563,-4.02,
PSL,463,i | 1 | 2 | 3,,22.6,-0.44,"9,263,600","210,223","35,240",29.20,2.92,,0.50,0.77,7.53,10.74,36.11,,46.85,,656,646,-0.17,
PSTC,464,i | 1 | 2 | 3,,2.56,-3.03,"20,677,000","53,142","6,072",45.55,1.04,,,0.06,2.75,2.32,4.17,,55.58,,984,965,0.06,
PT,465,i | 1 | 2 | 3,,5.85,-0.85,"235,500","1,379","1,661",12.39,2.71,,0.25,0.47,10.98,21.89,2.05,8.47,46.60,,247,323,1.34,
PTG,466,i | 1 | 2 | 3,,17.9,-1.65,"13,929,200","249,495","29,893",13.52,3.69,,0.50,1.32,9.16,29.18,1.57,2.75,56.87,,225,404,0.32,
PTL,467,i | 1 | 3,,28.5,-0.87,"6,534,500","184,831","25,650",10.66,1.56,,0.02,2.67,14.11,15.99,14.67,3.48,48.98,,280,208,-0.33,
PTT,468,i | 1 | 2 | 3,,39,-1.89,"141,093,900","5,554,220","1,113,957",13.20,1.15,,0.82,2.96,7.45,9.22,7.86,2.52,48.88,,495,453,0.14,
PTTEP,469,i | 1 | 2 | 3,,113,0.00,"11,695,700","1,314,533","448,608",15.79,1.16,,2.00,7.16,8.21,7.61,17.03,3.76,34.69,,582,465,2.1,
PTTGC,470,i | 1 | 2 | 3,,60.5,-0.41,"17,122,800","1,034,126","272,785",6.46,0.87,,2.00,9.36,10.47,14.36,14.68,1.64,54.32,,221,210,2.73,
PYLON,471,i | 1 | 2 | 3,,4.6,+0.88,"745,300","3,426","3,449",55.98,3.57,,0.14,0.08,5.54,6.25,6.05,3.07,40.59,,903,875,2.58,
Q-CON,472,i | 1 | 3,,5.45,0.00,"146,100",791,"2,180",20.20,1.12,,0.46,0.27,5.7,5.43,10.38,8.44,15.00,,707,641,-0.15,
QH,473,i | 1 | 2 | 3,,2.22,-0.89,"45,751,400","101,216","23,786",11.51,0.90,,0.03,0.19,5.65,7.87,21.42,5.36,74.86,,495,507,-12.82,
QLT,474,i | 1 | 2 | 3,,4.1,0.00,"3,500",14,404,23.14,0.97,,,0.18,3.92,4.13,-3.37,7.32,43.10,,788,766,0.37,
QTC,475,i | 1 | 2 | 3,,6.15,-0.81,"1,158,900","7,144","2,098",21.66,1.27,,0.25,0.28,6.41,5.88,8.57,6.45,40.51,,717,627,,
RAM,476,i | 1 | 2 | 3,,149,-1.00,"71,700","10,666","35,760",30.04,2.59,,0.90,4.96,5.45,9.65,17.84,2.39,19.88,,704,778,2.54,
RATCH,477,i | 1 | 2 | 3,,46,+1.10,"4,999,300","227,311","66,700",8.27,1.01,,1.15,5.56,8.14,12.88,25.98,5.27,54.99,,280,314,0.36,
RBF,478,i | 1 | 3,,19.9,-1.00,"12,372,600","247,020","39,800",89.30,10.00,,0.15,0.22,13.58,11.41,11.29,0.75,27.62,,779,622,,
RCL,479,i | 1 | 2 | 3,,57.75,-0.86,"5,240,700","302,344","47,860",6.26,3.06,,1.50,9.23,37.81,65.32,40.78,0.86,47.29,,29,32,-0.04,
RICHY,480,i | 1 | 2 | 3,,1.28,+5.79,"23,316,300","29,309","1,585",8.86,0.61,,,0.14,3.54,7.16,18.99,0.38,36.30,,451,543,0.02,
RJH,481,i | 1 | 2 | 3,,32.5,-0.76,"578,200","18,827","9,750",19.14,6.31,,0.40,1.7,30.82,34.65,22.83,3.05,61.32,,294,273,0.5,
RML,482,i | 1 | 2 | 3,,0.95,-3.06,"14,555,800","13,936","3,964",,0.77,,,0,-0.77,-6.6,5.18,,47.28,,,,,
ROCK,483,i | 1 | 2 | 3,,16.2,+1.25,"5,000",81,324,,0.84,0.77,,0,-7.52,-14.95,-24.24,,28.06,,,,,
ROH,484,i | 1 | 3,,31,0.00,0,0,"2,906",,5.27,0.38,,0,-27.61,-31.73,-367.94,,1.52,,,,,
ROJNA,485,i | 1 | 2 | 3,,6.6,-1.49,"4,763,700","31,191","13,335",9.61,0.90,,0.20,0.69,6.32,9.63,14.39,2.99,31.16,,397,419,0.04,
RP,486,i | 1 | 3,,2.74,+2.24,"545,600","1,456",550,,0.75,,,0,-10.41,-15.05,-35.81,,37.56,,,,,
RPC,487,i | 1 | 3,,1.65,-0.60,"44,762,600","74,735","2,153",2.61,0.86,,,0.63,18.22,39.41,20.66,,64.94,,20,55,,
RPH,488,i | 1 | 2 | 3,,6.3,0.00,"451,300","2,846","3,440",36.82,2.58,0.33,0.05,0.17,7.09,7.06,8.36,2.06,69.50,,812,719,2.23,
RS,489,i | 1 | 2 | 3,,18.4,-0.54,"2,685,000","49,479","17,894",41.26,8.03,,,0.45,11.09,21.54,9.74,,60.45,,546,614,-0.28,
RSP,490,i | 1 | 2 | 3,,2.26,-0.88,"370,500",830,"1,679",36.99,0.95,,,0.06,2.66,2.61,2.75,,28.60,,942,935,-2.18,
RT,491,i,,2.28,-2.56,"3,326,800","7,672","2,508",17.27,1.87,,0.09,0.13,6.15,14.06,3.34,3.63,54.38,,439,584,,
RWI,492,i | 1 | 3,,2.2,+0.92,"3,161,300","6,943","1,400",7.69,1.40,0.46,,0.29,18.48,20.76,42.04,,20.01,,148,99,-0.08,
S J,493,i,,24.7,0.00,0,0,0,,,0.28,,0,6.5,7.8,8.36,,32.26,,,,,
S,494,i | 1 | 2 | 3,,2.06,-2.83,"12,190,100","25,312","14,119",,0.90,,,0,-3.79,-14.04,-10.06,,34.71,,,,,
S11,495,i | 1 | 2 | 3,,6.9,+0.73,"124,300",850,"4,230",10.32,1.44,,0.15,0.67,9.89,14.61,20.52,3.65,30.40,,289,304,0.92,
SA,496,i | 1 | 3,,9.4,-6.93,"11,318,900","108,706","11,145",18.22,3.18,,0.20,0.52,5.12,9.82,5.7,1.81,25.99,,556,654,,
SAAM,497,i | 1 | 3,,6.05,0.00,"994,200","6,044","1,815",68.29,5.93,,0.03,0.09,8.27,8.82,41.11,1.04,23.53,,836,758,9.5,
SABINA,498,i | 1 | 3,,19.4,-1.02,"818,500","15,820","6,742",22.70,3.71,,0.41,0.85,13.46,16.64,10.81,4.08,47.37,,459,414,0.84,
SABUY,499,i,,11.9,-0.85,"7,153,200","84,411","12,215",90.41,7.83,,0.03,0.13,6.35,8.47,10.29,0.25,32.96,,858,849,,
SAK,500,i,,8.9,0.00,"2,447,100","21,785","18,654",33.02,4.12,0.95,0.11,0.27,9.31,11.86,30.53,1.21,25.02,,659,627,,
SALEE,501,i | 1 | 2 | 3,,1.17,0.00,"2,014,100","2,386","1,779",423.36,1.44,,,0,0.24,0.35,0.36,,50.29,,"1,103","1,139",-7.72,
SAM,502,i | 1 | 2 | 3,,1.3,-2.26,"16,655,900","22,058","1,359",20.47,0.77,,,0.06,3.99,3.87,5.03,,30.83,,766,729,-0.24,
SAMART,503,i | 1 | 2 | 3,,7,-1.41,"1,440,900","10,174","7,046",,2.45,,,0,-0.25,-10.52,-5.42,,57.59,,,,,
SAMCO,504,i | 1 | 2 | 3,,1.61,-0.62,"993,100","1,610","1,033",9.19,0.44,,0.03,0.18,2.97,4.85,4.37,1.85,46.86,,533,571,-1.96,
SAMTEL,505,i | 1 | 2 | 3,,6.6,-5.04,"3,881,000","26,247","4,079",,1.21,,,0,-1.82,-4.05,1.61,,28.31,,,,,
SANKO,506,i | 1 | 2 | 3,,1.66,-0.60,"805,000","1,335",512,,2.86,1.51,,0,-1.27,-7.33,2.05,,27.63,,,,,
SAPPE,507,i | 1 | 2 | 3,,26.25,-1.87,"611,000","16,169","8,035",18.73,2.99,,1.02,1.4,15.89,16.4,12.13,3.79,24.83,,414,333,2.05,
SAT,508,i | 1 | 2 | 3,,20,+0.50,"1,800,600","35,967","8,504",9.67,1.15,,0.40,2.07,11.06,12.39,13.01,3.02,64.40,,320,247,1,
SAUCE,509,i | 1 | 2 | 3,,30.25,-0.82,"2,400",72,"10,890",18.71,4.38,,1.25,1.62,26.21,24.1,20.12,4.10,22.55,,332,267,4.25,
SAWAD,510,i | 1 | 2 | 3,,71,-0.35,"8,697,000","612,574","97,494",19.65,4.35,,1.80,3.61,14.77,22.56,49.65,2.53,45.03,,352,352,0.64,
SAWANG,511,i | 1 | 2 | 3,,10.4,0.00,0,0,250,,0.70,0.08,,0,-9.15,-9.81,-13.53,,22.83,,,,,
SC,512,i | 1 | 2 | 3,,3.3,-1.20,"6,306,500","20,768","13,821",6.65,0.73,,0.18,0.5,5.87,11.41,10.67,5.39,39.10,,297,393,1.15,
SCB,513,i | 1 | 2 | 3,,103,-1.44,"9,704,600","1,003,306","349,750",12.28,0.83,,1.43,8.39,1.7,6.91,25.34,2.20,76.61,,545,701,-3.34,
SCC,514,i | 1 | 2 | 3,,416,0.00,"1,676,600","694,009","499,200",10.02,1.42,,8.50,41.52,9.89,15.37,14.88,3.38,66.21,,267,294,-1.57,
SCCC,515,i | 1 | 2 | 3,,161,-0.92,"588,100","95,050","47,978",11.06,1.39,,9.00,14.56,7.34,12.97,12.41,5.54,27.91,,347,412,16.95,
SCG,516,i | 1 | 2 | 3,,5.1,-0.97,"134,900",696,"4,871",28.05,1.80,,0.06,0.18,4.58,6.56,5.09,1.18,27.44,,762,788,0.61,
SCGP,517,i | 1 | 3,,64.75,+0.39,"26,890,800","1,718,474","277,967",38.51,2.98,,0.25,1.68,6.83,10.41,9.14,0.70,26.21,,725,742,,
SCI,518,i | 1 | 2 | 3,,2.04,-4.67,"5,977,500","12,410","1,530",,1.07,,,0,-5.76,-13.33,-1.05,,44.64,,,,,
SCM,519,i,,8.55,-2.29,"2,671,900","23,060","5,130",39.22,8.14,,0.12,0.22,23.17,29.31,15.76,0.39,36.55,,487,467,,
SCN,520,i | 1 | 2 | 3,,2.48,0.00,"1,996,000","4,955","2,976",61.07,1.13,,0.04,0.04,2.4,1.87,4.83,1.71,36.84,,"1,026","1,017",-249.27,
SCP,521,i | 1 | 2 | 3,,5.95,-0.83,"126,100",754,"1,785",10.96,0.84,0.16,0.38,0.54,8.45,7.73,7.82,6.33,49.92,,486,369,-2.19,
SDC,522,i | 1 | 2 | 3,C,0.75,-5.06,"172,632,800","128,499","8,643",,25.00,,,0,-2.1,-76.48,-102.03,,15.72,,,,,
SE,523,i | 1 | 2 | 3,,1.43,+0.70,"39,779,100","57,939",892,24.57,1.61,,0.01,0.06,7.47,8.15,4.45,0.15,30.21,,672,598,1.76,
SE-ED,524,i | 1 | 2 | 3,,2.34,+1.74,"58,400",136,917,,0.84,,,0,1.22,-0.36,2.26,,27.08,,,,,
SEAFCO,525,i | 1 | 2 | 3,,4.56,-0.87,"797,000","3,647","3,373",332.40,2.07,,,0.01,0.68,0.62,2.11,2.17,73.80,,"1,094","1,129",10.83,
SEAOIL,526,i | 1 | 2 | 3,,3.32,+1.22,"3,248,200","10,922","2,156",33.66,1.48,,0.01,0.1,4.09,4.48,1.24,0.21,39.32,,877,855,-0.02,
SECURE,527,i,,29.75,0.00,"1,460,800","43,705",0,,-,,-,0,9.33,10.46,9.5,-,28.41,,,,,
SELIC,528,i | 1 | 2 | 3,,3.22,-0.62,"342,500","1,098","1,475",13.47,2.28,,0.06,0.24,9.44,19.64,7.88,1.39,30.69,,289,392,-0.04,
SENA,529,i | 1 | 3,,3.9,-0.51,"578,100","2,246","5,600",5.05,0.80,,,0.77,9.23,16.74,25.53,7.95,32.25,,167,236,0.09,
SF,530,i | 1 | 2 | 3,,11.9,0.00,"5,743,000","68,379","25,370",11.45,1.66,,0.20,1.04,10.78,15.38,151.77,1.68,42.60,,304,309,0.64,
SFLEX,531,i,,5.55,-0.89,"2,046,500","11,382","4,551",29.35,4.96,,0.04,0.19,11.99,17.66,9,1.52,39.53,,515,517,0.36,
SFP,532,i | 1 | 2 | 3,,112,-2.61,600,67,"2,352",33.85,1.50,0.35,,3.31,-0.39,4.55,4.64,,28.73,,875,,-0.07,
SFT,533,i,,7.9,-2.47,"1,028,300","8,181","3,476",31.94,5.03,0.28,0.07,0.25,20.33,24.1,15.87,0.88,23.69,,478,440,,
SGF,534,i | 1 | 2 | 3,,1.21,-2.42,"14,973,400","18,230","1,585",16.09,0.92,,,0.08,6.41,5.91,17.88,,85.86,,637,547,0.14,
SGP,535,i | 1 | 2 | 3,,13.5,+0.75,"4,653,500","62,125","24,811",8.08,1.77,,0.20,1.67,10.42,24.79,4.35,3.73,16.47,,126,236,0.23,
SHANG,536,i | 1 | 3,,53.75,0.00,0,0,"6,988",,0.95,0.04,,0,-15.86,-14.77,-135.37,,15.85,,,,,
SHR,537,i | 1 | 3,,3.56,+1.14,"3,733,000","13,126","12,793",,0.81,,,0,-6.55,-16.06,-57.66,,37.73,,,,,
SIAM,538,i | 1 | 3,,1.97,0.00,"806,100","1,587","1,168",9.90,0.45,,0.05,0.2,1.89,4.61,-0.58,2.54,38.12,,550,632,-0.05,
SICT,539,i,,4.98,+0.81,"5,348,700","26,742","1,992",39.47,5.41,0.20,0.04,0.13,13.3,17.52,19.6,0.87,31.17,,585,556,,
SIMAT,540,i | 1 | 2 | 3,,5.6,+0.90,"8,074,300","45,311","3,632",60.78,4.27,,,0.09,8.51,9.17,13.02,,77.79,,822,739,,
SINGER,541,i | 1 | 2 | 3,,43.25,+1.76,"3,704,600","158,720","21,545",38.19,5.90,,0.15,1.13,10.37,19.1,14.98,0.54,67.07,,550,617,0.51,
SIRI,542,i | 1 | 2 | 3,,1.34,-2.90,"836,666,500","1,132,768","19,935",8.31,0.52,,,0.16,3.68,6.58,6.69,2.90,71.06,,460,523,-1.08,
SIS,543,i | 1 | 2 | 3,,34.5,0.00,"354,400","12,130","12,082",17.05,4.24,,1.00,2.02,10.91,26.57,2.54,2.90,34.34,,293,407,0.6,
SISB,544,i | 1 | 3,,9.25,-0.54,"42,300",391,"8,695",37.34,4.47,,0.08,0.25,8.13,12.49,23.94,0.82,20.11,,661,687,0.33,
SITHAI,545,i | 1 | 2 | 3,,1.46,-6.41,"121,411,500","187,125","3,956",157.08,1.06,,,0.01,1.71,0.68,2.63,,64.22,,"1,077","1,078",-1.46,
SK,546,i,,1.3,-1.52,"11,317,400","15,210",598,40.74,1.78,,0.02,0.03,3.98,5.11,1.66,1.52,59.07,,897,900,,
SKE,547,i | 1 | 3,,1.05,-1.87,"11,867,100","12,523","1,172",39.18,1.17,,0.02,0.03,3.34,3.12,8.45,1.17,45.86,,947,922,-1.07,
SKN,548,i | 1 | 3,,7.55,+3.42,"17,873,100","134,281","6,040",18.24,2.28,,,0.41,11.02,13,15.18,2.31,31.42,,469,416,-0.46,
SKR,549,i | 1 | 2 | 3,,11.8,0.00,"215,200","2,523","23,592",54.19,5.73,,0.08,0.22,9.85,10.92,10.99,0.68,40.95,,769,691,2.19,
SKY,550,i | 1 | 2 | 3,,11.1,-0.89,"94,300","1,049","6,841",52.90,2.85,,,0.21,4.27,6.21,1.87,0.01,61.66,,894,920,0.1,
SLM,551,i | 1 | 2 | 3,SPNPNC,0,0.00,0,0,0,,,-4.41,,0,-5.97,-27.98,5.18,,42.29,,,,,
SLP,552,i | 1 | 2 | 3,,1.07,-3.60,"2,821,500","3,066","1,284",,1.47,0.14,,0,-1.7,-2.91,-4.4,,31.03,,,,,
SMART,553,i | 1 | 2 | 3,,1.28,+29.29,"459,696,300","552,829","1,178",24.29,2.33,0.24,0.07,0.05,7.74,9.74,10.05,3.54,19.21,,629,584,-1.36,
SMD,554,i,,15,+1.35,"7,216,800","109,060","3,210",26.10,4.93,,,0.57,14.21,17.39,15.26,,44.19,,483,430,,
SMIT,555,i | 1 | 2 | 3,,4.56,0.00,"43,500",198,"2,417",11.91,1.00,0.12,0.14,0.38,9.25,8.74,14.53,5.70,36.73,,481,367,10.89,
SMK,556,i | 1 | 2 | 3,,29.25,0.00,"1,400",41,"5,850",35.57,0.89,1.29,2.20,0.82,1.19,2.51,-3.57,7.52,15.91,,935,995,-14.16,
SMPC,557,i | 1 | 2 | 3,,12.5,+5.04,"12,735,500","158,594","6,694",11.57,3.03,0.49,0.35,1.08,22.29,27.07,13.28,6.72,38.69,,193,166,1.03,
SMT,558,i | 1 | 2 | 3,,6.2,+1.64,"16,495,300","103,637","5,186",28.43,3.60,,,0.22,8.01,13.58,9.13,,79.46,,573,623,-0.02,
SNC,559,i | 1 | 2 | 3,,13.8,0.00,"1,244,500","17,088","4,999",9.54,1.08,,0.45,1.45,7.25,14.98,4.06,4.32,57.44,,257,369,0.52,
SNNP,560,i,,12.2,-0.81,"6,611,200","80,892",0,,-,,-,0,10.72,60.85,11.27,-,28.50,,,,,
SNP,561,i | 1 | 2 | 3,,15,0.00,"29,700",443,"7,356",19.17,3.11,,0.05,0.78,10.26,17.11,5.47,2.00,20.80,,411,451,-1.37,
SO,562,i,,13.1,+0.77,"407,900","5,285","4,873",29.77,5.16,0.77,0.20,0.44,13.96,24.8,8.11,1.17,27.99,,456,482,,
SOLAR,563,i | 1 | 2 | 3,,2.2,+1.85,"2,522,800","5,509","1,197",,3.93,,,0,-25.13,-93.09,-112.99,,63.03,,,,,
SONIC,564,i | 1 | 3,,5.15,+0.98,"2,310,700","11,794","2,833",23.14,4.06,,0.06,0.22,15.89,18.84,6.65,1.08,31.66,,432,387,-110.19,
SORKON,565,i | 1 | 2 | 3,,5.9,0.00,"321,100","1,879","1,908",14.78,1.64,,0.20,0.4,6.81,11.49,6.08,3.39,40.24,,451,501,4.85,
SPA,566,i | 1 | 2 | 3,,7.3,-1.35,"456,900","3,333","6,241",,8.39,,,0,-10.67,-33.21,-204.28,,55.93,,,,,
SPACK,567,i | 1 | 2 | 3,,2.8,-2.10,"441,500","1,248",840,12.11,1.51,,,0.23,7.04,13.28,5.17,,24.28,,363,444,0.12,
SPALI,568,i | 1 | 2 | 3,,21,+0.48,"9,084,800","190,837","45,005",7.37,1.07,,0.50,2.85,10.83,15.31,22.7,4.78,60.33,,216,218,1.22,
SPC,569,i | 1 | 2 | 3,,59.5,+0.42,"2,000",118,"19,635",11.59,0.82,,1.60,5.13,6.48,7.33,5.36,2.70,38.01,,514,463,2.16,
SPCG,570,i | 1 | 2 | 3,,17.8,+0.56,"464,600","8,220","18,793",7.07,1.18,,0.25,2.52,14.33,17.51,61.39,6.54,34.00,,180,128,1.38,
SPG,571,i | 1 | 3,,18,-0.55,"3,300",61,"6,210",13.20,1.16,,0.45,1.36,10.14,9.03,18.57,2.49,8.79,,504,368,-1.35,
SPI,572,i | 1 | 2 | 3,,63.25,+1.20,"2,300",143,"36,172",13.03,0.89,0.40,0.50,4.85,5.83,7.07,102.51,1.12,58.80,,552,533,0.75,
SPRC,573,i | 1 | 2 | 3,,9.15,-1.08,"31,528,300","287,544","39,674",10.15,1.28,0.76,,0.9,10.17,13.68,3.54,,39.38,,307,289,-0.29,
SPVI,574,i | 1 | 2 | 3,,6.35,-1.55,"3,380,400","21,603","2,540",25.34,6.05,1.10,0.11,0.25,16.19,25.65,1.98,1.71,38.64,,395,402,0.22,
SQ,575,i | 1 | 2 | 3,,2.34,-2.50,"2,802,500","6,591","2,688",7.15,1.03,,0.08,0.33,6.42,15.23,12,3.33,59.79,,214,368,-0.08,
SR,576,i | 1 | 2 | 3,,1.38,-1.43,"614,600",853,934,,0.98,,,0,-5.42,-12.75,-10.16,,33.00,,,,,
SRICHA,577,i | 1 | 2 | 3,,20.4,-0.97,"521,300","10,671","6,322",16.68,3.58,,0.40,1.22,20.3,23.21,17.57,1.94,42.89,,312,268,-0.43,
SSC,578,i | 1 | 3,,31.25,+0.81,"1,100",35,"8,309",48.75,0.92,,0.32,0.64,1.34,1.92,1.77,1.03,14.19,,"1,002","1,043",-0.82,
SSF,579,i | 1 | 2 | 3,,8.35,-0.60,"3,900",33,"2,254",11.57,1.24,,0.33,0.72,12.18,11.37,7.8,3.90,23.12,,404,274,0.14,
SSP,580,i | 1 | 2 | 3,,12.5,0.00,"1,816,700","22,578","12,677",15.99,2.65,,0.01,0.78,6.94,17.85,42.24,0.08,34.75,,349,517,0.58,
SSSC,581,i | 1 | 3,,2.74,-0.72,"35,600",97,"1,754",11.74,0.61,,0.11,0.23,5.55,5.28,4.34,3.84,42.32,,581,522,-1.44,
SST,582,i | 1 | 2 | 3,,4.58,+0.88,"187,700",858,"2,411",,1.20,,0.01,0,-2.86,-12.06,-3.97,0.12,31.43,,,,,
STA,583,i | 1 | 2 | 3,,34.75,0.00,"7,128,800","249,447","53,376",2.87,1.18,,1.25,12.11,42.02,48.52,30.15,6.47,55.50,,14,7,-0.03,
STANLY,584,i | 1 | 2 | 3,,168,-0.59,"102,200","17,154","12,873",7.90,0.67,,5.50,21.26,9.35,8.75,11.84,3.25,34.30,,387,270,-3,
STAR,585,i | 1 | 2 | 3,SPNC,2.74,0.00,0,0,934,,17.13,3.50,,0,-46.32,-71.4,-269.4,,62.48,,,,,
STARK,586,i | 1 | 2 | 3,,4.38,-2.23,"190,276,800","835,916","52,150",27.89,10.95,,,0.16,10.93,49.57,9.76,,28.84,,365,527,0.45,
STC,587,i,,0.9,+2.27,"92,454,200","88,211",511,214.68,1.38,,0.02,0,1.41,0.63,1.53,1.82,24.90,,"1,088","1,104",-5,
STEC,588,i | 1 | 3,,12.8,+0.79,"8,625,300","109,627","19,521",21.65,1.35,,0.30,0.59,2.61,6.31,1.38,2.36,65.17,,705,808,-0.16,
STECH,589,i,,2.54,-0.78,"3,153,000","8,066",0,,-,,-,0,8.8,20.21,6.96,-,38.67,,,,,
STGT,590,i,,34,-0.73,"11,390,600","387,727","97,351",3.22,2.52,,1.25,10.57,83.42,102.28,60.74,7.65,34.33,,5,5,,
STHAI,591,i | 1 | 2 | 3,SPNPNC,0.01,0.00,0,0,160,,0.14,0.18,,0.01,47.18,51.82,33.19,,69.16,,,,,
STI,592,i | 1 | 3,,8.4,-1.18,"1,039,800","8,721","2,251",14.88,3.33,,0.40,0.56,13.71,23.24,9.98,4.71,24.03,,276,297,0.87,
STOWER,593,i | 1 | 2 | 3,C,0.11,-8.33,"157,189,900","17,695","2,896",,3.67,,,0,11.04,-18.7,17.36,,62.28,,,,,
STPI,594,i | 1 | 3,,4.4,-1.79,"1,635,000","7,217","7,149",,0.95,,,0,-6.72,-8.37,2.76,,74.26,,,,,
SUC,595,i | 1 | 2 | 3,,32.75,0.00,"54,300","1,771","9,825",9.35,0.46,,1.50,3.5,4.87,5.05,11.15,4.58,57.38,,531,496,1.2,
SUN,596,i | 1 | 2 | 3,,7.65,0.00,"3,033,600","23,276","4,934",22.85,4.53,,0.10,0.33,17.54,21.52,6.42,0.87,26.49,,401,363,-0.2,
SUPER,597,i | 1 | 2 | 3,,0.96,-1.03,"426,494,400","410,511","26,255",13.10,1.39,,0.01,0.07,6.13,11.33,41.61,0.62,59.05,,437,517,0.28,
SUSCO,598,i | 1 | 2 | 3,,3.28,+0.61,"587,000","1,925","3,608",9.94,0.92,,0.08,0.33,7.69,9.45,1.7,3.40,54.87,,409,362,0.32,
SUTHA,599,i | 1 | 2 | 3,,4.48,0.00,"12,800",57,"1,344",6.01,2.21,,,0.75,12.48,40.83,5.92,6.25,22.19,,37,150,-0.25,
SVH,600,i | 1 | 3,,404,0.00,"1,500",606,"40,400",27.65,4.43,,13.00,14.61,14.88,16.16,14.46,3.22,4.23,,514,438,2.66,
SVI,601,i | 1 | 2 | 3,,4.82,+0.42,"10,720,000","52,270","10,462",15.61,2.52,,0.11,0.31,6.86,17,4.28,2.29,18.66,,357,512,-0.77,
SVOA,602,i | 1 | 2 | 3,,2.08,+0.97,"41,462,600","87,330","1,471",12.52,0.86,,0.05,0.17,4.1,7.01,1.72,2.43,63.56,,549,602,0.58,
SWC,603,i | 1 | 2 | 3,,9.8,0.00,"324,900","3,136","3,163",29.40,4.97,,0.13,0.33,13.12,16.95,7.89,3.79,25.50,,529,494,3.07,
SYMC,604,i | 1 | 2 | 3,,5.55,+0.91,"278,000","1,541","2,407",26.44,0.98,,0.06,0.21,4.24,3.76,6.77,1.00,30.16,,832,783,-0.26,
SYNEX,605,i | 1 | 2 | 3,,25,+2.04,"2,700,200","67,051","21,184",28.61,5.90,,0.18,0.87,9.08,21.72,2.32,2.20,20.30,,460,595,2.08,
SYNTEC,606,i | 1 | 2 | 3,,2.02,-2.88,"11,663,600","23,685","3,232",15.58,0.57,,0.03,0.13,2.54,3.68,1.93,3.85,66.55,,699,721,-1.59,
T,607,i | 1 | 2 | 3,C,0.3,-6.25,"612,224,700","185,104","3,285",,30.00,0.77,,0,-6.39,-13.81,-295.2,,69.24,,,,,
TACC,608,i | 1 | 2 | 3,,7.5,+0.67,"1,045,600","7,784","4,560",22.96,6.36,,0.15,0.33,25.23,27.89,14.79,4.03,62.22,,360,322,0.66,
TAE,609,i | 1 | 2 | 3,,2.4,-0.83,"3,312,900","8,068","2,400",,1.34,0.87,0.01,0,0.61,-0.37,1.11,3.31,41.02,,,,,
TAKUNI,610,i | 1 | 2 | 3,,1.28,0.00,"3,477,400","4,454","1,024",21.03,1.16,,0.04,0.06,6.76,5.61,3.93,2.93,48.20,,720,601,-8.55,
TAPAC,611,i | 1 | 2 | 3,,4.78,-6.27,"10,447,500","51,202","1,969",31.54,1.82,,0.01,0.15,5.55,5.86,6.49,0.20,40.57,,818,777,0.36,
TASCO,612,i | 1 | 2 | 3,,18.1,-0.55,"4,127,800","74,829","28,568",7.24,1.96,,0.25,2.5,19.76,28.77,9.55,8.79,39.69,,89,82,0.09,
TBSP,613,i | 1 | 2 | 3,XD,23.8,+2.15,"3,900",94,"4,860",64.21,4.94,1.11,0.90,0.37,4.69,8.04,8.05,,1.49,,855,924,0.06,
TC,614,i | 1 | 3,,5.95,0.00,"202,900","1,205","1,964",7.83,0.94,,0.25,0.76,11.56,12.5,6.28,4.20,44.39,,282,207,-0.11,
TCAP,615,i | 1 | 2 | 3,,34,-2.86,"10,351,500","355,579","39,614",10.16,0.56,,1.20,3.35,4.9,5.53,37.04,8.57,75.29,,532,516,0.53,
TCC,616,i | 1 | 3,,1.03,-2.83,"30,872,500","32,329","1,318",,1.72,,,0,-0.29,-1.2,0.2,,58.46,,,,,
TCCC,617,i | 1 | 2 | 3,,34.25,0.00,"9,600",326,"20,026",10.80,1.88,,1.80,3.17,18.34,18.07,16.39,5.26,7.56,,249,169,-4.76,
TCJ,618,i | 1 | 2 | 3,,4.48,-1.75,"94,900",428,473,,0.33,,,0,1.46,-0.55,-1.77,,68.52,,,,,
TCMC,619,i | 1 | 2 | 3,,1.75,-0.57,"642,200","1,120","1,336",,0.56,,,0,2.08,-1.72,-1.46,,62.99,,,,,
TCOAT,620,i | 1 | 2 | 3,,29.75,-0.83,"1,000",30,312,26.26,0.59,0.25,0.90,1.13,2.22,2.25,1.96,3.00,25.99,,860,867,6.35,
TEAM,621,i | 1 | 2 | 3,,5.1,-0.97,"40,957,400","219,210","3,249",20.46,3.72,,0.05,0.25,10.29,20.03,7.53,,36.39,,386,466,2.55,
TEAMG,622,i | 1 | 2 | 3,,3.64,+1.68,"95,913,900","354,593","2,475",27.26,2.70,,0.05,0.13,5.93,9.78,5.1,4.47,54.01,,660,707,14.35,
TFG,623,i | 1 | 2 | 3,,4.62,+2.21,"11,060,000","51,088","25,907",10.95,2.21,,0.05,0.42,12.57,21.98,5.18,1.88,15.16,,211,249,-0.36,
TFI,624,i | 1 | 3,NP,0.28,0.00,"5,578,500","1,525","4,711",87.83,1.65,0.18,,0,4.95,3.85,-228.54,,11.81,,"1,001",925,-0.58,
TFMAMA,625,i | 1 | 2 | 3,,196.5,0.00,"2,200",432,"64,787",17.67,2.39,,0.92,11.12,13.79,14.11,18.94,2.43,24.52,,442,344,1.01,
TGH,626,i | 1 | 3,,30,-3.23,"2,700",81,"22,563",38.95,1.70,5.74,,0.77,1.23,4.29,2.5,1.94,19.16,,909,"1,010",,
TGPRO,627,i | 1 | 2 | 3,,0.37,0.00,"41,021,400","15,422","1,746",70.94,0.84,,,0.01,2.04,1.2,3.14,,60.53,,"1,050","1,043",-0.02,
TH,628,i | 1 | 2 | 3,,3.08,0.00,"16,139,400","48,917","2,972",70.38,2.43,,,0.04,3.57,3.5,62.68,,49.87,,"1,003",976,-0.56,
THAI,629,i | 1 | 2 | 3,SPNPNC,3.32,0.00,0,0,"7,247",,,-2.62,,0,-37.39,,52.94,,52.14,,,,,
THANA,630,i | 1 | 2 | 3,,1.37,-2.14,"908,900","1,279",347,275.61,0.93,,,0,1,0.34,1.46,,31.03,,"1,101","1,123",5.85,
THANI,631,i | 1 | 2 | 3,,4.28,+0.94,"48,811,000","209,228","24,238",13.42,2.26,,0.17,0.32,6.35,19.34,41.37,4.01,30.84,,290,509,0.48,
THCOM,632,i | 1 | 2 | 3,,10.3,+0.98,"2,794,900","28,730","11,290",,1.02,,0.20,0,0.74,-0.99,4.1,1.96,58.86,,,,,
THE,633,i | 1 | 2 | 3,,3.04,-1.30,"3,604,000","10,967","3,350",4.65,1.59,,0.20,0.65,17.27,38.6,9.6,0.97,28.99,,31,70,-0.03,
THG,634,i | 1 | 2 | 3,,32,-0.78,"9,877,900","316,056","27,171",,3.57,,0.30,0,1.68,-0.32,-4.27,0.93,49.07,,,,,
THIP,635,i | 1 | 3,,31,-0.80,"17,000",527,"2,790",7.71,1.35,0.25,1.08,4.02,17.27,18.51,8.28,4.48,30.85,,175,108,0.77,
THL,636,i | 1 | 2 | 3,SPNC,0.46,0.00,0,0,348,,,0.18,,0,7.47,6.86,85.08,,53.48,,,,,
THMUI,637,i | 1 | 3,,1.52,-2.56,"13,580,400","21,595",517,,1.42,,,0,-1.19,-3.3,-2.59,,37.01,,,,,
THRE,638,i | 1 | 2 | 3,,1.38,-0.72,"4,525,600","6,240","5,817",23.02,1.57,,0.04,0.06,3.97,7.06,5.08,2.88,50.56,,696,762,0.2,
THREL,639,i | 1 | 2 | 3,,3,+0.67,"893,700","2,663","1,800",11.87,1.27,,,0.25,7,11.06,5.08,4.70,88.41,,420,443,-0.7,
TIDLOR,640,i | 1 | 3,,38.25,-2.55,"23,314,100","899,848","88,701",29.62,4.26,,,1.29,7.35,13.34,26.91,,44.53,,594,666,,
TIGER,641,i | 1 | 3,,2.66,-0.75,"53,100",141,"1,224",29.94,2.06,,0.09,0.09,6.83,6.88,6,3.36,27.60,,785,697,-2.71,
TIP,642,i | 1 | 3,,28,-1.75,"286,100","8,021","16,800",7.43,1.89,4.27,0.50,3.77,,,,6.32,,,,,1.03,
TIPCO,643,i | 1 | 2 | 3,,9.1,-0.55,"1,086,900","9,950","4,391",6.59,1.04,,0.19,1.38,11.19,16.36,17.7,10.27,49.26,,191,193,-0.03,
TIPH,644,i | 1 | 3,,38.25,+7.75,"8,981,700","332,069",0,,-,,-,0,,,,-,54.08,,,,,
TISCO,645,i | 1 | 2 | 3,,92.25,-0.27,"4,995,700","461,970","73,860",11.06,1.95,,6.30,8.34,4.21,18.02,34.94,6.81,75.18,,260,568,0.76,
TITLE,646,i | 1 | 2 | 3,,2.16,-0.92,"125,100",267,"1,567",,2.51,0.96,,0,-10.15,-16.86,-996.8,,33.19,,,,,
TK,647,i | 1 | 2 | 3,,9.45,-1.05,"257,100","2,443","4,725",10.97,0.88,,0.42,0.86,8.35,8.19,20.96,4.40,24.48,,472,375,1.76,
TKN,648,i | 1 | 2 | 3,,7.05,-2.08,"3,761,100","26,782","9,729",66.43,4.96,,0.05,0.11,5.19,7.19,4.54,2.92,42.17,,881,902,8.85,
TKS,649,i | 1 | 2 | 3,,12.2,0.00,"10,577,500","129,375","5,639",15.40,2.12,,0.10,0.79,9.71,14.57,23.15,2.13,58.85,,390,409,1.84,
TKT,650,i | 1 | 2 | 3,,2.08,-2.80,"1,136,800","2,395",495,266.85,1.14,1.66,,0.01,3.28,0.44,1.74,,43.12,,"1,097","1,027",-1.08,
TM,651,i | 1 | 2 | 3,,3.5,-1.69,"4,666,500","16,217","1,078",48.09,2.59,,0.10,0.07,5.63,5.33,-0.23,2.81,39.45,,908,844,1.53,
TMC,652,i | 1 | 2 | 3,,1.36,-0.73,"5,861,200","8,120",624,,1.84,0.96,,0,-4.19,-11.81,-27.74,,68.93,,,,,
TMD,653,i | 1 | 2 | 3,,24.3,0.00,"22,900",559,"3,645",10.68,1.28,,1.40,2.28,13.07,12.21,18.06,5.76,34.30,,355,233,3.13,
TMI,654,i | 1 | 3,,1.19,-1.65,"7,624,600","9,179",799,53.02,4.10,,,0.02,4.57,7.93,0.61,,33.65,,841,913,-3.13,
TMILL,655,i | 1 | 2 | 3,,3.92,-0.51,"786,700","3,102","1,563",13.07,1.47,0.35,0.12,0.3,10.39,11.49,10.61,5.08,29.57,,428,352,0.88,
TMT,656,i | 1 | 2 | 3,,10.4,-0.95,"823,800","8,566","9,056",6.68,2.40,1.78,0.60,1.56,21.35,40.96,9.93,4.76,21.83,,49,66,0.16,
TMW,657,i | 1 | 2 | 3,,38.75,0.00,"2,800",108,"1,546",9.73,0.62,0.30,0.46,3.98,5.86,6.49,6.2,1.19,24.79,,489,447,1.8,
TNDT,658,i | 1 | 2 | 3,,2.34,-0.85,"307,900",721,516,26.05,0.98,,,0.09,4.7,4.27,-2.98,,51.13,,812,760,-0.15,
TNH,659,i | 1 | 3,,31.25,-0.79,"1,500",47,"5,625",24.51,2.79,0.18,0.45,1.27,12.31,11.77,11.95,1.43,41.12,,573,453,0.77,
TNITY,660,i | 1 | 3,,7,-0.71,"425,800","2,983","1,501",6.00,0.90,,0.25,1.17,7.39,16.06,23.37,7.09,52.59,,184,304,0.22,
TNL,661,i | 1 | 2 | 3,,17,+1.19,200,3,"2,040",122.39,0.53,0.14,0.07,0.14,0.25,0.44,6.03,0.42,23.87,,"1,076","1,114",-14.84,
TNP,662,i | 1 | 2 | 3,,5.7,-0.87,"2,418,600","13,731","4,560",26.04,5.33,,0.05,0.22,20.33,21.9,7.4,1.22,27.66,,427,374,1.1,
TNPC,663,i | 1 | 3,,3.96,-0.50,"6,140,100","24,386","1,265",8.40,2.57,,0.01,0.47,19.04,33.7,12.83,0.31,64.52,,96,109,-0.03,
TNR,664,i | 1 | 2 | 3,,11.9,-0.83,"24,800",297,"3,570",19.98,2.84,,0.26,0.6,9.59,14.77,9.57,2.17,23.75,,450,479,2.38,
TOA,665,i | 1 | 3,,33.5,0.00,"1,203,500","40,336","67,972",30.47,5.60,,0.31,1.1,16.05,19.26,13.32,1.58,25.02,,507,466,2.42,
TOG,666,i | 1 | 2 | 3,,9.1,0.00,"346,600","3,121","4,316",16.18,2.24,,0.21,0.56,10.64,14.61,15.59,1.32,40.24,,403,399,-1.36,
TOP,667,i | 1 | 2 | 3,,50.5,-0.98,"22,556,400","1,132,111","103,021",7.65,0.89,,0.60,6.6,6.87,12.08,3.64,1.37,51.96,,293,351,-5.13,
TOPP,668,i | 1 | 3,,205,0.00,0,0,"1,230",12.86,0.85,0.20,6.33,15.94,6.1,6.77,6.63,3.09,22.69,,562,515,1.74,
TPA,669,i | 1 | 2 | 3,,6.75,0.00,"20,500",139,820,15.34,1.73,0.70,0.45,0.44,8.83,11.25,3.77,6.67,23.55,,471,434,-0.28,
TPAC,670,i | 1 | 2 | 3,,17.8,0.00,"64,400","1,134","5,813",33.43,3.11,,0.29,0.53,9.02,9.28,1.75,1.64,20.43,,728,637,0.49,
TPBI,671,i | 1 | 2 | 3,,4.98,0.00,"170,500",850,"2,076",25.49,0.90,,0.25,0.2,2.49,3.53,-0.75,5.02,36.51,,827,848,-0.33,
TPCH,672,i | 1 | 2 | 3,,11.6,-1.69,"1,147,900","13,402","4,654",27.67,1.54,,0.11,0.42,5.15,5.65,14.22,1.68,57.44,,784,757,0.27,
TPCS,673,i | 1 | 2 | 3,,12.5,0.00,200,2,"1,350",20.99,0.58,0.11,0.60,0.6,2.3,2.75,8.9,4.80,26.49,,800,813,0.61,
TPIPL,674,i | 1 | 2 | 3,,1.76,-1.12,"20,069,800","35,364","33,663",9.94,0.73,,0.03,0.18,5.59,7.56,17.78,3.34,38.10,,465,470,0.39,
TPIPP,675,i | 1 | 2 | 3,,4.24,0.00,"8,368,100","35,553","35,616",7.72,1.19,0.51,0.12,0.55,11.74,16.06,39.42,6.37,28.47,,213,199,0.21,
TPLAS,676,i | 1 | 3,,3.54,-2.21,"3,295,000","11,759",956,25.71,3.16,0.20,0.10,0.14,12.93,12.51,7.16,2.76,25.73,,563,452,1.18,
TPOLY,677,i | 1 | 2 | 3,,1.99,0.00,"1,805,400","3,610","1,140",,0.77,3.65,0.01,0,2.24,-8.66,-0.17,0.54,56.07,,,,,
TPP,678,i | 1 | 3,,18.9,+1.61,"2,100",40,709,54.50,0.82,0.16,0.40,0.35,1.66,1.5,8.2,2.15,28.55,,"1,028","1,043",0.43,
TPS,679,i | 1 | 3,,2.5,+0.81,"2,021,700","4,984",840,20.74,2.21,,0.04,0.12,8.41,11.09,5.36,1.34,34.60,,560,534,,
TQM,680,i | 1 | 3,,110.5,+1.84,"2,262,600","252,993","33,150",42.34,13.35,,1.45,2.61,23.18,32.57,24.78,1.98,41.73,,498,484,1.66,
TQR,681,i,,15.6,-1.89,"510,100","7,957","3,588",36.84,7.68,1.10,0.17,0.42,23.15,22.72,50.52,0.09,25.06,,510,452,,
TR,682,i | 1 | 3,,43.25,+2.98,"74,500","3,118","8,719",4.47,0.32,0.07,0.05,9.68,7.53,7.67,50.65,0.12,36.41,,375,281,-0.28,
TRC,683,i | 1 | 2 | 3,C,0.22,0.00,"87,077,500","18,435","2,109",,5.50,7.71,,0,-10.89,-75.91,-2.88,,69.63,,,,,
TRITN,684,i | 1 | 2 | 3,,0.28,-3.45,"40,079,700","11,587","3,116",,1.56,0.58,,0,-0.88,-1.65,-15.24,,68.52,,,,,
TRT,685,i | 1 | 2 | 3,,2.72,+1.49,"753,900","2,020",838,9.57,0.78,,0.02,0.28,5.48,8.46,-0.33,0.75,67.09,,427,467,-0.05,
TRU,686,i | 1 | 2 | 3,,4.86,+1.25,"222,100","1,080","2,892",53.34,0.89,,0.06,0.09,1.9,1.68,4.28,1.24,26.38,,"1,017","1,024",1.6,
TRUBB,687,i | 1 | 2 | 3,,2.64,-0.75,"19,650,000","52,797","1,799",8.38,0.71,,,0.32,4.98,11.32,4.77,,61.75,,329,470,-0.02,
TRUE,688,i | 1 | 2 | 3,,3.36,+0.60,"121,961,500","407,018","112,117",,1.37,,0.07,0,2.93,-1.12,-1.34,2.10,31.78,,,,,
TSC,689,i | 1 | 2 | 3,,11.3,-0.88,"6,000",68,"2,936",15.05,1.90,0.47,0.40,0.75,9.81,12.55,9.47,4.39,19.17,,426,401,0.59,
TSE,690,i | 1 | 2 | 3,,2.74,-2.14,"19,336,200","53,739","5,803",10.41,0.92,2.24,,0.26,4.9,9.23,48.31,1.79,39.72,,428,523,0.15,
TSF,691,i | 1 | 2 | 3,SPNC,0.01,0.00,0,0,68,,,-1.20,,0,-30.09,,-85.19,,99.85,,,,,
TSI,692,i | 1 | 2 | 3,C,0.34,-2.86,"5,174,000","1,720",647,,1.70,2.13,,0,-1.69,-8.66,-16.06,,33.11,,,,,
TSR,693,i | 1 | 2 | 3,,3.56,-3.26,"1,453,100","5,273","1,957",16.85,1.53,0.33,0.04,0.21,8.92,9.18,4.89,4.46,40.54,,556,465,-8.33,
TSTE,694,i | 1 | 2 | 3,,7.1,+1.43,"6,800",48,"2,722",16.52,0.82,0.30,0.12,0.43,5.33,5.01,11.32,2.50,25.77,,681,619,2.39,
TSTH,695,i | 1 | 3,,1.8,+2.27,"100,706,600","183,510","15,159",10.65,1.41,0.24,,0.17,11.8,14.24,10.74,,32.09,,308,260,0.03,
TTA,696,i | 1 | 2 | 3,,15.4,-0.65,"12,524,400","193,064","28,066",,1.59,0.73,0.02,0,-3.96,-2.97,7.16,0.13,71.25,,,,,
TTB,697,i | 1 | 2 | 3,,1.05,-2.78,"357,088,900","377,696","101,230",12.39,0.49,,0.05,0.08,1.35,4.01,16.24,4.17,34.20,,638,722,-4.74,
TTCL,698,i | 1 | 2 | 3,,4.7,-2.89,"9,285,900","43,962","2,895",22.13,1.19,4.56,,0.21,2.63,5.31,2.03,,59.82,,737,810,-0.02,
TTI,699,i | 1 | 2 | 3,,25.75,+5.53,"4,700",115,"1,288",,0.55,0.72,,0,-0.94,-2.41,0.59,,32.97,,,,,
TTT,700,i | 1 | 3,,50.5,+1.00,200,10,"2,921",,0.42,0.38,0.50,0,-4.41,-4.69,1.63,2.00,30.63,,,,,
TTW,701,i | 1 | 2 | 3,,11.9,+1.71,"6,067,600","72,043","47,481",14.94,3.42,0.67,0.30,0.8,18.18,23.49,53.12,5.13,36.11,,276,249,3.58,
TU,702,i | 1 | 2 | 3,,21.8,+1.40,"86,535,200","1,881,907","104,026",13.25,1.80,1.70,0.45,1.64,7.16,14.38,6.34,3.35,60.55,,366,468,-3.52,
TVD,703,i | 1 | 2 | 3,,1.12,+0.90,"83,487,000","97,294","1,003",,1.35,0.81,,0,-5.99,-9.7,-5,3.85,59.08,,,,,
TVI,704,i | 1 | 3,,9.2,-4.66,"1,438,800","13,311","2,788",7.34,1.76,4.88,0.20,1.25,6.71,26.01,10.62,2.07,28.30,,106,359,0.1,
TVO,705,i | 1 | 2 | 3,,31.5,-0.79,"4,000,900","126,945","25,471",10.48,2.52,0.48,1.30,3.01,23.88,25.42,10.54,5.35,66.59,,177,132,4.55,
TVT,706,i | 1 | 2 | 3,,1.12,+1.82,"46,138,000","54,068",896,75.47,1.45,0.16,,0.01,2.67,1.94,5.38,,38.00,,"1,037","1,017",-3.85,
TWP,707,i | 1 | 2 | 3,,4.04,0.00,"228,100",916,"1,091",8.64,0.64,0.30,0.22,0.47,5.95,7.65,10.54,,51.22,,435,421,-0.25,
TWPC,708,i | 1 | 2 | 3,,5.7,-0.87,"293,500","1,669","5,018",29.29,1.00,0.60,0.13,0.19,3.96,3.43,5.39,2.33,50.06,,874,828,0.2,
TWZ,709,i | 1 | 3,,0.13,-7.14,"948,321,600","132,213","1,936",212.51,0.59,0.99,,0,3.01,0.3,0.34,,83.73,,"1,097","1,030",-0.47,
TYCN,710,i | 1 | 3,,3.32,+0.61,"37,000",122,"1,981",6.95,0.45,0.59,,0.48,4.83,6.73,7.66,,29.51,,435,457,0.01,
U,711,i | 1 | 3,,1.72,+4.24,"293,459,100","492,333","9,656",,1.39,1.62,,0,-7.18,-14.95,-38.88,,52.99,,,,,
UAC,712,i | 1 | 2 | 3,,5.05,0.00,"59,800",303,"3,371",12.32,2.14,0.98,0.14,0.41,9.82,18.2,17.85,3.96,31.69,,283,357,0.22,
UBIS,713,i | 1 | 2 | 3,,13.8,-0.72,"8,754,900","124,764","3,146",28.76,5.95,0.76,,0.48,14.69,22.28,8.71,1.08,49.75,,458,459,-0.23,
UEC,714,i | 1 | 2 | 3,,2.86,+1.42,"14,089,400","40,963","1,632",29.63,1.21,0.12,0.06,0.1,3.81,4.1,14.46,3.19,69.86,,861,843,-0.59,
UKEM,715,i | 1 | 3,,3.2,-0.62,"11,128,800","35,714","3,956",29.75,3.72,0.79,0.06,0.11,7.26,12.65,5.16,1.71,54.20,,611,673,1.21,
UMI,716,i | 1 | 3,,1.45,-0.68,"969,200","1,417","1,213",,0.99,1.40,,0,2.33,-2.01,-1.84,,59.92,,,,,
UMS,717,i | 1 | 3,C,1.58,-4.24,"2,103,100","3,498","1,809",,9.29,2.70,,0,-5.68,-49.57,-34.32,,3.78,,,,,
UNIQ,718,i | 1 | 2 | 3,,6.6,-1.49,"1,782,000","11,733","7,135",266.13,0.89,3.17,,0.02,2.46,0.33,0.25,,56.52,,"1,100","1,061",182.91,
UOBKH,719,i | 1 | 3,,5,-0.99,"281,800","1,410","2,512",8.23,0.65,0.76,0.10,0.61,6.42,8.22,24.12,1.98,12.62,,402,383,0.03,
UP,720,i | 1 | 3,,24,0.00,0,0,600,25.07,1.16,0.32,,0.96,3.97,4.83,6.69,,30.30,,781,775,-0.65,
UPA,721,i | 1 | 2 | 3,,0.38,0.00,"41,125,800","15,549","3,850",,1.31,0.05,,0,-0.95,-2.39,9.38,,63.02,,,,,
UPF,722,i | 1 | 2 | 3,,66.75,-0.37,500,33,501,10.37,1.41,0.39,8.90,6.44,11.69,13.17,5.3,13.28,32.81,,324,257,0.01,
UPOIC,723,i | 1 | 3,,6.75,+0.75,"2,882,400","20,379","2,187",9.56,1.83,0.31,0.20,0.71,17.07,20.56,12.63,2.99,24.34,,183,143,-0.03,
UREKA,724,i | 1 | 2 | 3,,2.14,+2.88,"33,524,100","70,350","1,904",,6.69,0.84,,0,-16.22,-27.56,-352.16,,58.28,,,,,
UT,725,i | 1 | 3,,18.7,+3.31,"21,700",406,842,,1.07,0.19,,0,-2.07,-2.69,9.3,,25.33,,,,,
UTP,726,i | 1 | 2 | 3,,17.1,-1.16,"2,109,200","36,165","11,115",11.11,2.98,0.13,0.39,1.54,29.53,28.72,23.45,4.62,39.97,,180,142,0.22,
UV,727,i | 1 | 3,,4.26,0.00,"7,077,300","29,736","8,145","8,412.06",0.81,0.66,0.02,0,0.21,0.01,0.49,0.47,33.70,,"1,119","1,149",-261.12,
UVAN,728,i | 1 | 2 | 3,,7.9,-1.25,"19,798,000","163,633","7,426",11.06,2.03,0.17,0.30,0.71,20.48,19.46,12.16,3.38,48.28,,241,165,-6.66,
VARO,729,i | 1 | 2 | 3,,4.94,0.00,"9,900",49,494,,0.63,1.12,,0,-2.39,-6.8,1.17,,21.39,,,,,
VCOM,730,i | 1 | 2 | 3,,6.4,0.00,"3,559,600","22,821","1,965",22.24,3.70,2.12,0.10,0.29,9.65,17.81,7.75,3.03,26.50,,437,508,2.04,
VGI,731,i | 1 | 2 | 3,,6.35,-2.31,"27,000,500","172,981","54,681",49.99,3.43,0.25,0.04,0.13,6.24,7.19,-1.83,0.94,39.40,,855,815,25.51,
VIBHA,732,i | 1 | 2 | 3,,2.2,-1.79,"18,083,200","40,338","29,867",36.31,3.33,1.28,0.04,0.06,5.92,10.06,15.83,1.79,33.40,,720,779,9.46,
VIH,733,i | 1 | 2 | 3,,12.2,-0.81,"2,912,900","35,460","6,962",15.06,4.18,0.65,0.13,0.81,23.94,31.41,19.05,1.02,29.03,,238,219,0.69,
VL,734,i | 1 | 3,,2.04,-2.86,"6,139,200","12,681","1,632",31.23,2.02,1.11,0.01,0.07,5.13,6.44,3.99,3.33,32.74,,799,798,6.92,
VNG,735,i | 1 | 2 | 3,,9.2,+12.20,"38,618,800","337,273","15,964",164.50,2.38,2.02,0.10,0.06,1.92,1.53,8.05,,22.19,,"1,072","1,074",9.51,
VNT,736,i | 1 | 3,,37.5,-0.66,"250,600","9,415","44,445",10.42,1.82,0.18,0.90,3.6,19.12,18.65,25.35,2.38,16.24,,232,154,0.16,
VPO,737,i | 1 | 3,,2.18,-6.84,"317,470,700","720,696","2,049",31.64,3.63,0.84,,0.07,8.53,12.1,4.39,,32.22,,641,639,-3.22,
VRANDA,738,i | 1 | 3,,6.65,-0.75,"191,600","1,259","2,126",,1.08,1.59,0.10,0,-0.18,-3.54,-10.44,1.49,33.38,,,,,
W,739,i | 1 | 2 | 3,,4.6,+2.22,"5,202,100","23,858","3,744",,4.60,0.35,,0,-23.07,-41.02,-72.26,,67.64,,,,,
WACOAL,740,i | 1 | 2 | 3,,39.75,0.00,0,0,"4,770",,0.91,0.25,0.50,0,-8.14,-8.18,-4.46,1.27,27.88,,,,,
WAVE,741,i | 1 | 2 | 3,,0.88,-1.11,"7,950,800","7,081",691,,0.85,1.35,,0,-12.05,-22.44,-3.07,,57.64,,,,,
WGE,742,i,,1.99,+0.51,"2,943,700","5,900","1,194",,1.88,0.56,,0,0.4,-0.81,-5.56,,26.30,,,,,
WHA,743,i | 1 | 2 | 3,,3.24,-0.61,"90,862,000","292,462","48,428",21.27,1.69,1.75,0.06,0.15,4.89,7.93,17.01,3.07,66.04,,650,710,1.39,
WHAUP,744,i | 1 | 2 | 3,,4.32,+0.47,"5,534,200","23,339","16,524",19.95,1.35,1.15,0.16,0.22,4.92,6.89,31.27,5.98,25.59,,664,684,0.13,
WICE,745,i | 1 | 2 | 3,,12.9,-0.77,"3,664,800","47,209","8,410",27.25,8.54,1.22,0.14,0.47,22.35,35.2,7.62,1.08,41.26,,378,377,7.14,
WIIK,746,i | 1 | 2 | 3,,2.58,-2.27,"35,158,100","92,727","2,161",18.82,1.11,0.89,0.09,0.14,6.71,9.96,8.08,4.33,53.85,,560,574,4.42,
WIN,747,i | 1 | 2 | 3,,0.95,-3.06,"145,964,500","151,477",533,47.02,1.94,1.82,,0.02,3.54,4.24,156.24,,31.53,,945,941,-0.16,
WINMED,748,i,,6.65,-0.75,"6,109,300","40,704","2,660",53.51,5.12,,,0.12,8.17,7.75,6.09,,28.83,,847,741,,
WINNER,749,i | 1 | 2 | 3,,2.8,-1.41,"618,000","1,739","1,120",22.59,2.75,0.91,0.01,0.12,9.57,12.07,4.34,4.69,40.41,,549,513,-36,
WORK,750,i | 1 | 2 | 3,,21.8,0.00,"1,358,300","29,314","9,626",25.15,2.07,0.14,0.20,0.87,9.55,8.46,22.91,1.28,49.08,,670,537,0.39,
WP,751,i | 1 | 2 | 3,,5.8,+0.87,"2,288,000","13,234","3,007",17.48,2.36,3.92,0.20,0.33,3.87,14.13,0.98,3.48,40.91,,439,698,0.26,
WPH,752,i | 1 | 2 | 3,,2.24,0.00,"399,700",905,"1,344",,1.87,0.90,0.04,0,-2.04,-5.02,-10.04,1.68,29.57,,,,,
XO,753,i | 1 | 2 | 3,,21.4,0.00,"676,100","14,448","9,090",20.72,8.26,0.21,0.40,1.03,37.18,43.48,31.94,2.84,39.01,,297,291,0.29,
XPG,754,i | 1 | 2 | 3,,3.82,+1.06,"23,623,700","89,953","32,841",805.62,6.37,0.15,,0,1.49,1.56,129.78,,61.26,,"1,085","1,108",-1.58,
YGG,755,i | 1 | 3,,19.6,-0.51,"299,600","5,879","3,528",40.70,9.42,0.09,0.16,0.48,22.08,24.21,32.1,0.89,26.32,,522,478,2.49,
YUASA,756,i | 1 | 3,,16.8,0.00,"8,000",134,"1,808",10.53,2.00,0.59,0.44,1.6,16.7,20.39,5.82,2.63,15.27,,215,179,0.23,
ZEN,757,i | 1 | 3,,11.8,-1.67,"93,100","1,106","3,540",158.12,3.02,1.22,,0.07,2.18,1.83,-3.45,2.08,26.68,,"1,063","1,063",-6.52,
ZIGA,758,i | 1 | 2 | 3,,5.35,-2.73,"6,379,100","34,580","2,660",16.64,3.24,0.69,0.13,0.32,14.36,20.29,13.69,2.93,37.17,,331,316,0.34,
